Image_ID,Label
cVOfkSdqnWXUerr,0
EhnvIDPXFFjUhkR,0
tYKqoStvHsryFhS,1
eSpjlsZIwOMLmUS,1
uzxhIXjNENLyHwZ,1
hezYtxLhHStWATz,0
LcZuJysTXaSNBDe,1
RiWvALRpGwyReTK,0
kYQZTGpDvwXUZlu,0
VxXuRhwhHDvGWty,0
PVseTpBvTnqLDmk,0
FYshteAhtFDNsRp,0
gXTcncVAclMwbgO,0
EgbUBlfMujzEgNp,0
YlkqqPNsItojlbd,1
QSCIuzoPpaNAIJG,0
XcAfqmUulhlZSxb,1
dnWYyhuFKHvYLUP,0
ZbLhYIeGqrbjDsV,1
IRBwPwewbNqtmXJ,0
TtGADjTPcKRlGVx,0
aKiTqUaIwbfJgbj,0
GujejjcyPKhQeHr,1
bvrTzHpEopyOIqF,0
oUhcmNwKUPIlqPq,0
byLICfGenNZXXns,0
gmxqKOIXyTandEv,1
ZUmMzvEtCiEsZSv,1
qsaQkuDGROkiVzQ,0
PjtQkPLPyHGKImi,0
WlPSfKzgxDLiGzH,0
tIvhHpWkeAssHiK,1
bGXMaKypDRQEsiy,1
DpXXLZgIJdMPcdB,1
wTqibnxvEssJOul,1
qTgzOwHzsKxgNJQ,1
aGNsMQHylHTvxyU,0
VTmBKTBZgiYbbpY,0
mcLcRsNmKRDmzgq,0
toaFVqgiOilTeED,0
zaPmCwWjVxCZCwE,0
aRNCQqxJnicZYUM,0
szExoYRfsBmIPbw,0
uOwqleRPxcNRKBT,1
LlzeQXsYnhgAYRG,1
meGlerzXUnGHfuY,1
iTtyVAPfaMmSvkp,1
pxwMhqOlAmXpePO,0
noijddTUHckCVzl,0
ttHBDKFmtyHMxYR,1
vQoJhivnDNLOQEF,0
EhxBXNpIbHGhcKw,1
MUmaXvnpzvNvwfP,0
ndJbsOThuKwfYmu,1
zqpbcNlVCMjoNUv,1
tNCHWKAnDnzfgIz,1
RBlFHobJOQLhgJd,0
pcDrmgAGuGClzFX,0
nqZlNMSOxdEVJbW,0
KWczuLTyQaFItxE,1
KJuhKWIpgTDOEFo,1
pjaqUoDMZCPUSnc,0
XOhhOiXZpsNLXVN,0
hnfzbjxRspchuon,1
ioWywMLiOFgNbHM,1
CmaGXcGEFyrPWDv,1
xiOCOSdUZgMSAkx,0
hrKBQRlDzYPTVMy,0
STSuiwfEdFGGLTV,0
gsZreSMAQSMLYgN,0
hGRDVPkcmopgMyA,1
uLPZOsbSJAPIzWe,0
jpEtFRDOlTGMagd,0
MvzKgUstciNURsp,0
QgfNZGUvIvMBLyo,1
HGDoIHOZHCvSjoT,1
GJIhNUIAOfphteq,1
pkgWAwZLDtsjYdV,1
tZxpJxjtWzZXxYY,0
qsqswEZTAxRzufe,0
QgwpIjUpociIsix,0
YoDnPJdfcqIVbUf,0
ZrKUVRaKiqQjUsC,1
cngOdOeHkKKVMzl,0
cqVPxkkqrlJsbyk,0
XeUOmNskcNTqiCm,1
xGjjdPAQSshnMis,0
lldJjSWeIcnQWut,0
BXHDKdpQmVlufnu,0
atmSuvFYqmYKoRl,1
seZGwCTGZfVXkwo,0
mOoCAhaGikgZYly,1
sjVtrTLcFHYgoEn,0
mItNZKQFKlNLrlm,1
dPCuIyccHblJepF,1
fMcLhACHniEnsVH,0
twvydkkKycsdAvn,1
jScwsKGrZomlztV,1
cMtwwYrToChHOzL,0
BOrVotINGylbEGK,1
wlEZuEKwpFAQbaq,0
nhbGhjgQcphhfif,1
EvVEQWSwbkVMytz,0
gLKGWlIgCKeZrGs,0
iQDiAIOwuhbTjSw,1
iNIBDUZQfPiEjeB,1
XqVNmeJBrlHkeQO,1
zppHifjNJXaorWN,0
yWyNXrQOefEPbkq,0
DcYzKxNdzqmjorY,1
nMIqAlkbJjVihfW,0
LHqbpsyqyHxpupL,0
XggQtfmqpUuLOsQ,1
wzEPkCYOPpYyloN,0
ganoxIlxZvotmOG,1
hrMSHjIEtbhJpBL,1
yZZhWKYFkYyYoAW,1
UjHyOApiMvsPrLF,1
dqdGDliyirNRKnr,0
LgPciOktnqfsUuW,0
TgBoDZcYlHORXtN,1
InJajGcyPuplKlM,0
IRtYqwnuZbFDSwG,1
pRwAPcsaRderPKD,0
BnqGkGiZMHWIXGP,1
YrzInPBeuYzEJaz,1
SpQMLMSwxDEFTHS,0
GBmONzfkNWyESlW,0
JqszhEZDMTBxKKG,1
rjImApnXKgODLnN,1
cPIWmDIQCLNvwxh,1
qHeFdrQneWcLjms,0
azofQDxfRVOIRNP,0
zOzereRTbIRRzxq,0
lFJwrmxVwjxDBwk,0
KSXDblqEXGrHVnw,1
nJNlJTkiVwixQxN,0
cNHrsGgYbFrBcTq,1
fLqXIwUZjcaiyxZ,1
JIENHyaWXuCmrdX,0
isrUkceypenyZXC,1
XvaacyLGySPGOVZ,1
XDYRCyRdbAJgWLj,0
tIHeanFxiJESYBq,0
jNMcqvZVUybOcFf,1
QrcdXgYSFOrdzTm,0
IcNkmYepovfLLOk,0
WxvxQfZHBchMQzU,0
actktUiTQHjJEGw,1
aHNAeIlooAyEZaB,1
sJfzrmqfDAVKYGf,0
SWOXosFzJaOBOsR,1
gXlQCQEDzOukpdG,0
pKIiwIBwIrAWRUn,0
zMTxkjgaiwqFdus,0
fgGBRJwljZhsUZV,1
qCHBNtSisIzybsW,1
hkKfihQsKZVZXOu,0
hgntIJWbtEUhbHz,0
VQNGtLPeCboSDWj,1
SfritIhdrUekpPE,1
vlTsgCCmPEqYEmZ,1
gArjzwDGXzhlkxB,0
grLXrEdzXnoFfeK,0
JiQRjuHrtztINYu,0
iTkixvxJuVGeLFI,0
qaXpjGjZfaKtmKY,0
recNlDZsUrzxeQi,0
cmNtnCsacBBJSaS,1
YeSmKUkUrovnllV,0
EwVnYWbgGyHLmKv,1
FahjiQqriZpkwvR,1
hdvkWrNUJCtJAEx,1
byEGGvKtswHRYTP,0
aPoepMkjungIoYA,0
tfofNLivTLRiLpt,0
xugiZYiZLeSbUhc,0
yFkZmxhYQWlccmq,0
OHjcZXaGvkYifWZ,0
CMkwLYEqvcCpspU,0
VQNRQylvnutCCrN,0
NhOZWgJhTZlWnwQ,0
DwKiKTrubzEHicf,1
aiOasqqqoTQORab,0
KObfriCrseIeMiL,1
igRpOntqYdgjIFq,1
bEwqBlcTHlkBVTT,1
ORfiQwEZtzlVAqz,0
rUfvPAaXRroPXTl,1
PdeTIxxWiOjUGuZ,0
gzysvCKQZOuyDgi,1
ZjooVfoZKqbXHhh,0
RMUFUzsNbpwwukA,1
qLZzNSwYSIoohML,1
KPsmPPVOxMGWwVN,0
EnEutjGmwRnWaeG,0
fBXeyDdruoUYHEd,0
eURhXtTMydPJodk,0
pZGMPCNfHoYbrtX,0
bbUKcpxvpRjDEVa,1
BxkHdoTZEybpftg,1
TZdQmRPbkHJZeAt,0
nTOCblyMlJxwGGQ,0
xIeWufIYHcGyfzS,1
pvBWkwkjJZVsZye,0
RLSXsRWnWHHvyqn,1
FohRyyDGDKNoRzG,1
jSaXkGvukXgMMCj,0
WkVOxCtpcCyUOat,1
XKNHmrsklLoiioq,1
ESzkSyWIQVPGhvT,0
qEmrLyBohUrDffL,0
pFgrUFkvbtYDcYR,0
fmJDmTtOEANPcCC,0
KCqqJQvPwezCYhh,0
HVEibplmMcvwXEt,1
ZVBLLfulvDwFlBH,0
sWrVZWNrLmaLMYP,1
jMvDehLqnklgtNV,0
rGwAMMlnTCVKiKp,0
ifOGcUJpgUYyxHu,1
bKCpzPBnUOhbdxF,0
zxppTmAQOizsWnk,1
sigKliqXsrguham,1
OZNktTYMOMjzMEh,0
YSsRpbgDUHlmySM,1
WsYhTWwPJkGzvpt,0
JwXGkaAuETfTTHE,0
lSijGBlxBPywWPn,0
nsOHuitmVqkgKVN,0
XZpEindTOzJqNYD,0
tzgyAVvWnSYpkMC,1
GeilgpQWylQbiQL,0
OAbYULIxtvAddTt,1
wiBoKOiYqGrdsQp,0
ZHWMeVBWnsIMAEY,1
ZiyjoShyjmkFxKN,1
rXJXyGrhQPrQCPy,0
GDhEmGRiJumJtWi,0
YLTpWaxibCAKZgd,1
pKqDPoWyqZoHFaA,0
YlXcvdmDYAYcVcC,0
tXlRjvbwZMWuLmJ,0
VAmaLwnCUASSaKr,0
xhxqnjSIOuzSEtL,0
SmwTDDyFvrNVvdO,1
rlZJCpmAEDoaEnO,0
tPwyQqjJSaDVfvV,1
CJoxKnpWVmeQIre,0
KNZRLXJtEeEupKx,1
gaAcUWawOZKxppw,0
EKoFQngwpJQzPNp,0
sSpWyJQJWFCXatM,0
blhnDZZmZTTitGN,1
THuuGTQwvRrMxCJ,1
xgpPvlHrXLUXwbx,0
SrjyvCtOsbqjrdG,0
XaRmALuleddzPvJ,0
xVkHqUJykWdtpam,0
FYtjVNrnfiQAlmL,1
vmPGFaCgrFmgGXA,0
uYifYugtcQfHPFb,1
TYrsxwOoWjGFVIe,0
wrYJoEVgEeEbVuU,0
aZgTvLgJmKRQabb,1
pDBVDNQRCcyhCMe,1
XZisYLrPpHChFqG,0
exXaCyMYCTDmPyL,1
UvdcEAjFMTfRSjZ,1
tUOYBKqasoDkPDP,1
mwUeFqxdJXlauGI,0
wODLCdYpwelfAUb,0
ywyEGtAAgRjjaLM,1
gyErYHqkuDLxgUD,0
NAHWBqYYvPKbAcs,1
AFGOdmvDUlKmncm,1
WCXIKXClCALgANi,1
ccIDmwrRKqYYhNh,0
aUAJRJIRFmpWxdZ,0
reKfjuHkwKibrNv,1
RCxLSqQFZXokJJe,1
XaeQMBmFnFJRUzH,1
PPzmPTdyKHQbRRu,1
QXLsZevELvqvodV,1
QeqwmjdKMPOYpJo,0
oHUbpaSzNQQDcHA,0
BcFFOTxLbFpGgXM,0
EzUopdDQSEoFGaw,0
nHgQbZzgIRUxojs,0
cMWzJeWeUJLaYxX,0
MKOAlOiuAWenSkh,1
nCCXHnaaRJYYOXb,1
RxwnYlGCpIWoieq,0
xhcpJyJbeIVzckN,0
vdjTIOAOilvMdWO,0
ZjrXFvnMoKKcaJY,1
KHSEVmrtnoGxPXp,1
hGCElDJviAqyfKG,1
mUSfpsPGPobAfLH,1
BuDFlrdHHYVWemz,0
TjdhjOhzMgsfKLg,1
wBrsjfOKCIuZMmJ,1
zXumwwgxXvYcBjn,0
ZwUvbFEmXeOlLoZ,1
JSKIztpKSfjMzXx,1
LoEvUdkDomcrxPs,0
MeEhQqDMpYNXBJx,1
klsRZiucEReyTzf,0
xvBLnmSmvrHxVmZ,0
uCyXzIEJBHeojPz,1
ZGzAgwYnQZWFXYl,1
rMQcUEovoxmzyjL,0
ytLJqOZLUPNIFBU,1
JAqPJNXnCyZYDop,0
kvmhumNeqUIzzoP,0
jXIEBpbZKpoRBqY,0
kjSzoUfZDpyWHPR,0
DwKpvqVarFAOpXW,0
fbEqQhLlcCxdeWY,0
iLRkVpHXtZYTVbU,1
KTVjYgcEboGYoTD,1
aJlLjMOaNndpiti,0
TqrgtTzaHWzfkpo,1
zNQnhqZtEqeiIyL,0
pDghphxlryPbeQf,0
GlfNASVQlkvrwBo,1
DGnkblRODYiOGIR,0
sKJfrbEDVqKMYyB,0
rdkxykNvaeNAaOF,0
RDUGoqydBCFknOh,1
vkayQkoOrIWRXVf,0
AiVjgJObqutNbFn,0
IrumSFtTzyPCfRd,1
FEClWnVlThOTOwi,1
oGUjZDSdZZxWtDp,1
JuHEBWDTQjetUNr,1
yokfcCAuXHeFufI,0
HuyRybTTGcrAanY,1
tZBhYqCWNGsvgTv,0
dJLbkGEtsJJEhOL,1
tkVrCvmNGyeBddY,0
NbQLuYHZcwjlNia,0
eASrUzltGtLdHtH,1
PHTSNdKbFAXakJQ,0
gjYWnbMGSYXqIAu,0
zmpqfPrBWkOilLW,1
IssgmOVGgmjjWiw,0
jThamisExVCjYAZ,0
YbwwXYnSPcmCnHR,1
OgzkgovRFuNSJfC,0
AWzXgJHXabPVNOF,1
xpihtFGQTdznBDL,1
NFiyWLrWDgUpkBC,0
ytbOdgbgjObsldN,1
QuxWYDnPCTlbQET,0
rCEwPajmwSpcbql,1
BVHyRvOXvHptlCM,0
cXPNumxhuiuoLdR,1
dveZbcsbihVcQMA,0
FATCpPjBdzwLPIl,0
qVGaCSkXKpNZXsh,0
lyABVunCXtjswdB,0
xwskDQBWmPVpfhA,1
bEIQwPcRYlvaKIi,0
TcVlenFkkOgiJMg,1
gfGkYFDvXcgzvzg,0
osLubxcBUWbKYOJ,1
cPMcJmrSZruvNem,0
WMptPtcwIVoiaii,0
NbRPhmkVJxiyJst,0
tmHbKPsQTaLSWbL,0
qclZxsCEiocCHcG,0
LgGHlRjOJbFeFTd,0
QnTDlFRocUnPcrc,1
YmtrDMUqotdHjZo,1
HKcOfRoPFaAMnoO,1
nUNmkXAtBWdRuDa,0
YfOChJvKnjevcrL,1
XAJnAeaAzEkLKBO,1
HDjANrljPhqciVe,0
kkEWUWarcJteXvD,0
gpSWUIjaWUNfqrz,0
aMuCZDuvZOjuvRl,0
UkXKKirxajxsHjE,0
ztlXROXDhXZYfmR,0
ZIzpoDeILieKFpH,0
hzwGEoPTxOwBrwz,1
WEkloqagibKbGJv,0
twOjBrAJklANRdD,1
wgIxUjDnYWYgVbV,0
HOWSGHdECqkafhf,0
xvXniBqYrSjuKlg,0
FSqPYflrIUJhJLE,0
enonprUwsfaHfTI,0
EGNBoRTdtGZImMI,1
POSOsbeDrOynkUC,1
NAGYefUKHfBOxHH,1
rDZrccfzCbtyrKM,0
enzurdWMOGLXREH,1
WOfdUZdxuudnMDp,0
EdNmLJJgcBfXCJw,0
UUWrtMYkQdrjLud,0
YvKvuftOzeSXFNO,1
nyBAMzoCxiOXbmZ,0
ingPenYAvZSpQwP,0
SUZDGVdafWIaoiL,1
bNvjULcdVJuwuOA,0
pHnFsGPZEpgmWGU,1
mnuPJzjcfcOwnAK,1
hRkvtHhIivAOlSj,1
hgCjbLjmqTtoELV,1
UYfuEjAWFZVhhRS,1
WslFspILSpeEZmw,1
QJsmWPxpKfWoQBu,1
fidcidgppUsZbme,0
SnqcuMIHxQtnUjn,0
AmnAneWeFqQMPJs,0
OKyZOfeZfmVodya,1
qncLGTFgbLRXwOG,1
fulUdFhXJvOMUIw,0
CcQWkJbUExuHwKa,0
JpbUIujZTpKFIFB,1
JsNDXkijgTSzWhV,0
gqePcGVQaOWjVVG,0
rNScmknavaTJKoq,0
argyTqmFEqGziMF,1
KYLXidWTkGfIXAr,0
DuttpeBUjYDlmBb,0
XddOCcMoTQerKYL,0
EcIEWELHvPREBIr,1
RCYHPfpBpFjPkLo,0
VkQrvWUOTladkwm,0
VswGxbaajqVRSnP,1
uEGlVDnZcSxWAQH,0
PjjHSSHYfLMPCvI,0
JgAbbdcTwUArLLn,0
bQiVWWbleMdpwDW,1
kwuftzDnEodvjfQ,0
uqbHcmxfnHwmmqR,1
RyTZljbbuGacdXh,1
GwUyJwVgSVYGTLU,1
aXfgBMwKCvyGxOh,1
XcoihbORWQYEWLV,0
hKVAKolzxFTMbkF,1
ykeFoUjdMxVEfVy,1
WjToENAtwkVUrtS,1
IZfigNGfaXleDRC,0
voybNvjlFeXglMc,1
ejtWTNEtDirdSHX,0
YptRhOpUmkszNLt,0
dNjFjqAlVxUbeWT,0
wOvgObHHGCCcfai,1
klsNreiNAiqGYud,0
wFZuWykCYFizWWF,0
ylyBgwRBbhMOQyv,0
PrVFxXGkNFErcPV,0
sPKZlqbbtNabONv,0
CqDEyAHdtxyslrh,0
RrFmPmTLRsbzXpP,0
JVpFWTVEpWhijUr,1
IGOzCLCeKsEBdVY,0
oWByrnwPtDRiSBy,1
xiMqkmYrqDVvRAU,0
qehZdJunXWglIzd,0
noxzVUNQftSPuWg,0
fFWMzzlbdeZgFMg,1
zWiDQrLaIJBgtVW,0
JsmhIyQhfQedGcd,0
PgvUywTrThGNXxT,0
PNBQAsnzALAGToU,1
sGSpCUsAaYFaxEY,0
iyppjUuVdeFyhGR,0
yziXtnBsiySpdUS,0
PNEZJeBJaowzzpV,0
zzdUcpzsusVRsnA,0
TztpXueVJWnccbg,0
hjFNufpzndMVaoA,0
QisOzasTGQFkwVx,0
XVFdcOBigNJEgii,0
tzLOcokzDiVeVBT,0
JZoOFfzFoaUMzlH,1
uKseSkVpWRZFveQ,0
GUkRQZEeaimzvps,0
EHCJVUTELlZLWbM,1
UGwyNuEeOpKeDcm,1
ajlBNjKDfQkgHDb,0
ZuTrTksrHnsJZmF,1
drVpWCHkdsRqBwl,0
xYsfndDoMacgURB,0
jIdlrSiWVZzapWC,1
sMDATlAWMWZzmff,1
ovtsNMhJyaPOgwU,1
TLDtbvIEhQQZJUt,1
kqRrUuWztlgvDmi,1
FHcwpChOBYMeDRJ,0
kpOhRLUXHkFPOpa,1
KeQqAqalPfqLSuo,0
unMDaMWgzhXqdGb,0
CURrBpkTNTxLQYm,0
GmjnasswaQnKEBs,0
UwJmnDuirJQXXaf,1
XuProVcWINvfkCu,1
dAVukBUcYEhfZmx,0
WPTKuHsjzQDhlqX,1
jlJqIbloUATkpWJ,1
uhVINfPAIGgFliI,0
xBVHQRPwmjfQnYh,0
StZloLYCGCIUYaD,0
lmdvZyPegYMJNcx,1
FopNiSKQmQsTUSJ,1
GSnxHdyRMeyiCQJ,0
rhhoWUoOcgSudzs,1
dilXgzEpZaTNAUT,1
aSrHnkWdVEeoyNS,0
wMlQKwodhKbwjxI,1
nRaTnxVktYncJBA,1
RzWfMPeGeNtcybK,1
slXHKMBfSplmHus,1
KgrNAiTsmSbVVlB,1
mYptPrQKIxOKOVR,1
DPyadsmAJJQAKgw,0
pUfCbPgOxcuzUgL,1
RwTbIoXoXkyFUIL,0
FXtUWEagxUZpMPJ,1
HBqYsXdPpdiuonS,0
VpBFxQUKbfSECQZ,0
VTGGREhKTLNUQgj,0
IrdeClYFPtOGjkL,1
CAUnNdqKHVdQEKd,1
UikUZVYynMeIBog,0
CSosEbpZbhbvBjt,1
qUImWYlVeqCuyGd,1
UEpDHNmxVynBGMi,1
kRgxAoWrXzGwKjU,1
uPYmPRPHvhTdytE,0
EkcjujTUsrRRpWI,0
zKHlQYXxYLmHyWX,0
XSExeqPKnLiQHsP,1
ZJgZoMLqBaGdMqH,0
qenYTXUMBfCwOYb,0
bvdyRjwNjQNYXqG,0
vZUOrOsjALzoMgo,1
OXVuaCwBEsLZVVj,0
FoKcoAlxelEgqTv,0
pUsQjEQGlKvbmQS,0
qEcRhRyvCYiCpdW,0
ELItDsznupbqceG,0
PTpAvuXsnNnyhZZ,1
YyhGudedstTcZkg,1
gZWNxOvqGoFLnKd,1
XBrSFxlbJVvwsZq,0
ZvhEhSFBctvVRjk,1
FMedDzuTUeCUkkN,0
jLwAnOiYAQKWhMr,0
rMMExvUSVYpfzxl,1
ECuKtfhgepSBCeL,1
uUZJhqvQcVaCZJw,0
swlBtLcswPwoMYf,0
TcqNZQTOqsGFebt,0
IFgGJjEacEfsozD,0
KoQnzofJupBPznZ,0
wglmaPqSqlerrbI,0
TpixGnIzeiAKQwg,1
UlHtggTQqnDRqHn,0
PgijNjnYwcaladN,0
oZzrdxrFxYWNFeW,0
EnSlMwMpTZfIFns,1
XvcAeClnbQmEHkS,0
VnearnbJrNqAlEh,0
KlXwiqHEPTrpSIW,1
jgxiZbQUQeKKvXC,0
NTNBbMXsWBNnShJ,0
akgkHnRVhRhBmHb,1
tHMjHFHAMbKoCTo,0
ZJpdWASUQKdisWN,1
vkcjuzHvVmXjGYM,0
HXCotaQaZsNadMp,1
eFqtXAyZydkPips,1
IOOwFlPHYLpMmNZ,0
istVzfjzCfDlGFf,1
XNiLFcbRKxpDqLx,0
YMYMqjTMnXTnuGS,0
rmDLiraKYEZtOJU,1
NnqOBLwcfhBHdWX,0
dxaoWzpmToXMIFE,0
YJUoOAyabhFQkwk,0
MSoHhWmiUauzHHz,0
ECLSBSZlpXpsrhD,1
FCXoiZJtGRGKlNl,0
RYWXPJnwlARivIS,0
hZbaPMfrVrBKEuj,1
MBwzjsUaHHQzYvf,0
wTiuvhWvsQdZEKH,0
bccnRqJuxKcVSMP,1
hfOadGRnNIthLpS,1
kJYFeDKDRsczwbr,1
ziuAHacrdNbalKr,0
yhSeccjewghHGeL,0
iQmjuORcBsgDuzv,0
HqiKlMuSvkxFONr,0
VhXBFERekNsqtHS,0
tvrMMRtMgUkMKyy,0
RmhFzqnPcZnNjgm,1
RMaTkTHAZCBFtFd,0
YtvMzGqcphpbtTp,0
EwdkaBWxnQYUbdA,0
oGtBDCnnoEvXDRE,0
BWKmbCTTfIwCGwZ,0
RSSOcTptfTFFNaQ,0
tpdqJderLYgoHrM,0
vHdymVKRppmiodM,0
ekOsuELRwlYORau,0
yOmjOFfdYoPJqEj,0
tSnYzLFSoHFXhRG,0
HxFrBvrUcBIXZnm,0
VKEcvTLFwqNQtCK,1
yGsrEPCkCyJHiOc,0
KbFSirnxasNBUoa,1
MEzGKBmEiwbptpJ,0
ZWNLGblAwxMRMvV,1
sZKZLLuCrChAsfr,1
QzrPtHrTNiyGVeL,1
FfisehCCTsDZOLu,1
jhaKkNzhdjqaKiV,0
lbWrjWroYUYGXLQ,1
SYtKhslbrsOAauq,0
sYXBYoFLycotdnD,0
LYrnXoEEkLNoOJE,0
ZfKOUPBDHjCMczg,0
LDSATpihVpWZziq,1
KxiqkmmKmtnFRlu,0
wNROMWbZfKHaSsv,0
HvwSuXLbiJIdmHD,0
TvApeqMQccRdUNC,0
XuDSYuuiYJdmfOe,0
sFENJMOnXOGtNYR,0
mhMPmtrSlgEzOfb,1
gNfZqMoUNjSkjwQ,0
LOyyeZiQXrmSJBz,0
JPuVdTgSkHcipYo,0
PnjKNyllhEOpxTi,0
BUpJnYooDJVHsTm,0
cPtTQlkYjaonJef,1
UkOyeNJyAcpnlIx,0
ZQdVaOGQAWxTffO,0
lDwqyTvtMHXnwVQ,0
JgpvOHvxTLAYvSI,1
YhCUcOexlXqrMBJ,0
YbVddANtCvPbJyg,1
rVPAeOPJZGyxNgg,1
OmpSAblkqhbJryb,1
yFyluFbIXTmtvRL,1
aggTTmhdAqMXMii,1
ZFmjAvwcIyQorCS,0
LOoadBMcPPPiGfA,1
UrGMcbiyNnRCjOO,1
wGywPrtRBZRvfhp,0
vZjNRQpMtrNjmUa,0
rEzNTUqVrtwDooY,0
IxyEzLAwdKHmTas,0
AdtWFaVIjQNhXAa,0
NlyEDAymHwRyRlX,0
GKbEHjHxaDnBqzx,0
MWIAokNIszfDgPp,0
iiJuiQmsSdkvuDc,0
tIMjBTWEfRFWoIW,1
EHxEPbkHlCnSFiB,1
xZqDZUNsrHvxieP,1
CHqdZJafUzTYQOa,1
bxZvHLZLzIThgNJ,1
tMeAyEqnyVLlXMq,0
KQlzWnjfZeMlYwa,0
VhrspivzfRKZKpn,0
cKntFyhNRZSwfQD,1
UhqVpHGGcjLqPXt,0
qxHOhkFmKNLeAsS,1
NtfTYCzbvaLmIvC,0
HKrXiEjGglHkJLb,0
jHyctgAFygDtdrK,0
KNjXjRYyYbABKRv,1
FgpqRNSkzrjbkJe,0
waMCvfGJarKfTJF,1
wHllWcYyDbJuqLu,0
BjwtlPvUYVAyaAq,1
dUkzldVEFBZpvzL,0
oLRORXilykmBUNH,1
MGqGiSLmVecOctr,1
pGHZlDtTMIlVVRI,0
ieTXfstQoujwKNI,0
xMTRzvDHkufxVjV,0
wlFACwMwowoDsjo,0
YgvYkjFqXSJxWah,1
qSsjjLHRHeoVUph,0
UJUsyTODCFbOGTh,1
LsHIEYxgUavWwDj,1
dbFUihQcnqohOHo,1
JQaXArVWZCUIoHt,0
FPGGmBrUPWAUcbA,1
wnQNqiAXlSlLRev,0
shRYejQmoIcPXFW,1
wQhIbTHnjbowOul,0
usyOcsJBcRAryUn,1
BEYOMLodYQiyWDF,0
vsGEdZabcMRfCqb,0
xqdSDPkUkoCluTe,0
kOSfAJBhBylzeBu,1
qSqvxOPyuNrrHNB,0
cpflArXEwnOtzeX,0
pNiDsGJWmvoqovD,0
KoTcbgldvJCgUos,0
xmRTFZyUYDozpvo,0
uIEuXFJPcxXPHxC,1
SsYsGHHcoJeOoVg,0
iynKQumAGGhJgSE,1
fCstFyroRJxHMgO,1
ZbkEMJktXlUCyjr,0
ZNckqNQtrIjXcxu,0
tWOECCQgSjqNxno,0
hldAJbKrQVKUupW,1
ArlIxdWMehwTXmQ,0
cqDxOtyNBHeAEVt,1
ilmVnvvTJWHEoRn,0
rHffbwiPbsXEJvj,0
AKPElKoXdFnxoSA,0
UrMahEGEQaOlyxa,0
zMCAQkMAXiRQXYh,1
tcxHYCmBjggccvM,0
RNxvLFiWrXNxKkS,0
QBwtZjsFqzTMpYD,1
BsFpzUiIImFlOMh,0
hJXSWOBbztGgQeI,1
GkpbooXZJmCiwzA,1
yAzHOVYntbokDwE,1
faMbDdjfdqtUeef,1
YyPMcubRaDqnSlD,1
GFGygODlCbDfRVi,0
LFsModwiNtHzijo,0
LRtMOwHqKwpkADw,0
WdRyqsyrfOdaLio,1
UrRTmgwFrwILsns,1
MEaNPFhsemOQEaN,0
qMBXXOqjmpegXxD,0
DTjJDxrypIkSpPC,0
vUtpGBrsYyuVung,1
UvEDrGfXfkhSgcT,1
OvozcWAIrXZkqcV,1
xdcWNUTlOGmRFye,0
QmufoURLarQPVYi,0
QYBJIFNbZVQlyUT,0
GgfEsUFDdtIPJEx,1
SqbeSYxdFyXbeSg,1
PKftBtWBNaFnHsY,1
nFljurRajqOeOCG,1
mVzMCEtvaWKXMMX,1
IbaIuQexcnEJeLm,1
GQQtVEHLIEDGcDJ,0
vWvCmpxQKDqIkCz,1
eKSuHcrMPFBhkqR,1
RWKduXYuuIAlLst,0
UbYnhhcuvLtfylb,1
bHXVtlYhACBehti,1
ZCwwEHKgEDTpTaS,0
YDtGmsDIcCnELzF,0
tjEpnRouMRxTeqX,1
UMFBWVCvzyFofSt,0
liCaWxHAhHpFsrz,1
TcVEwzLJROogLqQ,0
uKVatxeGtYUJkNP,0
RjlRjIDgJUMkkFo,0
iMHfqgTgrbSjNXQ,1
WGwcYIBrxMBgUgk,1
wcOsYaBPwJJSUZd,0
swYImEpjsNdwcJr,0
dWloOUGWhxFwOvv,0
PRdjfUEONaBdkqU,0
EkjaHDeAOSuUlfK,1
WZjmVZglmbLwxOB,0
JvyQUTeVLgEeivx,1
vsocTtsIYyYVseG,0
RolcvhkrcfkObEm,1
TbqGvlQtLPDMVwv,1
yfewFEtDrImXGGl,1
ldYVoLRBnsdVcSv,0
yKogQwzQbJeoTvn,0
LUjpHnCuaWqALHJ,1
rfelmPvlnJqymHf,1
jsVNdmnTlySPXqt,1
RyGPmKPWxKgCjWu,0
sSqFaCkpwohPdyC,1
olEkkTasABAjbHI,0
MXrLsBHPkCAztNq,1
GwNFJxLFaaOelpC,0
HgdHMHDSXfwoBVN,1
mHsqpfDhIFVultG,1
NYHteWpMulzueqP,1
vKdItyLCvbAhOLh,0
BdCYGSlKxSvJVeO,0
pvPMjgjsbrVIRov,0
dDnGPjKkcAXPSaa,0
RklFOggHtLBXAtm,0
TjJOUsvOAhpIUpr,0
lWQbvjgGuMpgVVJ,1
pxkyZXlEjFGiECQ,0
umZTegaihIRghBE,0
DlhKTVwbZqejCnr,0
imuMlskIWXAOOIc,0
cZLJQbjcecpvjvC,0
HKzllzYKGoNnQLt,0
aOKYmpHmXwinHCM,0
vyhSKNtxbkhXbZq,1
qgOIXfkRPXTeeda,0
IHgHnOXTVJzuroV,1
QiRmtBDqDjsQLyU,0
XvdBQMJWmGmabSN,1
pQVbGRebTAwmTnv,1
ndoMSdOjAIJSwdZ,0
jUkHLErmqxxkbUb,0
RkPZOlLnwvwmSrb,0
FuovDzMNZAqMZxl,0
vBsuqSYIDaXawIf,0
FEIQZOxwGOLULRD,1
NxYHCcIRuSWDDOp,0
pVDEWQKgcBSRhPz,0
UDRAGcijZoFWece,1
vxyreLjPjeFryuD,0
BjrZYpSjtcvNrvz,0
bWWTRVCIesSemPh,0
bwQkahKxhJZiOHJ,1
KUIqlVTkyvRSLBX,0
ZKVKogmOxEHZgnY,0
diMeODoUwNzzQQY,0
bTYSOqbTalvbNyB,0
dsRJqiunZdBAenq,1
RaYdDqhgJfEikBM,0
RlicEzKlRJFVhNP,0
XUJMHEXOmBsTSob,1
LHmpykizcdXKzqD,1
AWAwzEzpchsuHdu,1
LWgbceRSSYoJBPu,1
uUtKMyGpdVsvZJi,0
DiQKVEEUbhZTeDB,0
JysPFRkvKqyuwtc,0
eLoOBtnsjkrwgjx,1
vFzGBwqzGAhwZba,0
OUdDAVYeswzLyeX,0
KnyNkmrrVkrrYov,1
bRNAZnsuVMElNpG,1
xQHethkYCbyDBxa,0
JsLifVRrKMwsEQb,0
SWpDyxZXMRFeGKG,1
KdAnppYaegQVnXP,1
zyMlUoPJgbczzsk,1
PLeGuXyHDKNLseg,1
yAQgdXpCuIszVSE,1
vrQziADzRspQtVZ,1
mtLeHkxlzgTWItE,0
dqEDXjMABCFVLdh,0
VpQfgKmctBqfGMc,1
lGNorCUvVdZMhkI,0
gAmtkTnxvVAPRDG,0
IvIVPfHdarexpWH,0
HeuDiKqvXUtIsqj,0
uUkhBeEjzlOdUHo,1
PMgJNmKrLvKlrxj,0
AcQOsYrAXOXjWZq,0
lzAxgujqYlvCXfx,1
FMtJpRTRwhZnojj,1
jRzSsqQqcUzpdyl,0
cUmsJnqdGxSUsyi,1
pwIepydFhLQWRtd,0
fXGXLPxuLNlSfif,0
KDLKhoRNeHbWWTS,0
PZNvmVgUoDjcXop,1
ebFWiWwZByPvXDi,1
IvVKUWWJkMDsGJv,0
hqqCFZorRMJBDtC,1
iyZsVRZhHYmcYzC,1
ANGGRelKkuNkNAx,1
jUOkNfEVMDvWMgg,0
DKKpzqJQtVhuKTq,1
jOvKdUIGUjBJmDS,1
MoCsrRNpGIixKOE,0
MduRrfTZMLZlgDX,1
DKuCqYXYboKAWvs,1
SEdZJSVpqUivtoC,1
DnjFuXaBDWKFmhm,0
YSEpeLwWaLtQlnb,1
OanlTKAbiCWzCGD,1
MYuAoAPRzJeOwvO,0
CAATAqYgjWIHJNL,1
wsxNZOmVIIdvGJa,1
ZLaVavUtabmGQfi,0
OTKWsWKHedeSslr,1
BseDvjSIWhrjXKY,1
UrufgXjPoFIldDl,1
FOaEQnjySdBtVod,0
IDYbPgdnQNxrxtp,0
LTmfvXqtyruIwvF,0
xTqsnEsGazmYfxW,0
glnJwzNPiTHZWsx,1
nKCdcObMRpacUEG,0
EfyulPAHFnJpJMa,0
cCaxfoPBhlSpStW,0
KwxUuhLqjjijDto,0
JwTCzCQuDejoWhW,1
juHyozXBuwpPssx,1
bCChBQSPEXfcDRT,1
dhTwenFBRmXjQot,0
hKhbKcCprFpeYlh,1
hvbMDynRviMpYEk,0
UqxnLRBRWwfaOES,1
WFnQxsaVEycbyMd,1
IGqbNuEwmMvHFHK,0
YMQypALHVIRoAuM,0
HdyRyKBWYuJPgyG,1
ndHHFeoizSQDepo,1
eMGRvoAsaaSixRu,0
yqpnVbthqFUZfXI,0
JfZrTZbbFRZyIwJ,1
aRhPdkYaFMlistm,1
JsfSOaLHudJpnIs,0
qDYETMCDNPkBXdg,0
ebdfOUSQZZqoAYi,0
wlEVtaLsRKTzgvR,0
hTEsvZQWJLxIHyG,0
pkUvBiGsWFpOerj,1
LlPGcWuemPYDNpZ,1
sXZSyWbVBLTSFld,0
ImWGyXJmAiRznEJ,0
gZUukLjFMLOVjqD,1
qyrSBIAXbYuanvI,0
RcRnCPlzvZCtdYv,0
cayvkJSjklXkORp,1
lTLysvXIcitMbFH,0
qQkbyfNQtKGFtyz,0
OmwxqlqgdLlNXhl,0
TRQHZLVSMTZXEJR,0
pRdAACdynAAUbFo,1
ZnmOAcqJCttpkPd,0
ViwZgQfnrUBMFcO,1
MNWqRtKZDAlbDZq,1
XNtGTzOOKnOIRNE,0
WljQdVpgLapLheP,1
GiNQGUSjfvplpbZ,1
RNFcUfawdKnbOqt,0
meCFUAEdSrWJPJn,1
JxENePtnWADwCPj,1
rPHhYAVUfwOaXIE,1
MfxEQWBuzvQfcxd,0
ahRXwxjPSSqiLzu,0
jwcUaPMzaBoBKDs,1
GBWDXJcrsYDmHoU,0
cWyUqCIjfJrEUmT,0
oqLXkBmwheSbHCW,1
qgUmkVoBXfgGBpa,0
yrGmwAuUbcmmMkJ,1
XuutjWsXkRITwVP,1
YRLeyrYsjrFFCyZ,1
NQSpwZzXgrXyJwc,1
soVpeHtRuoxOEsL,1
FNuvQIViusMjIXX,0
AxwcxGSntTKuaEa,0
gRoKeIpjBKQPUXt,1
SaamqPaJtUJdYZn,0
fSrMQlERgKPKhUI,1
iMhYtbGAbYLmGul,0
lVrluZTRHXwFgPn,1
GbrBinLrDBZLAQs,0
ssDjSTqakRrTKxC,0
mKTujeYymWnNMny,1
visWEAqSuZzFIxh,0
anooDafzueFaTxC,1
JoSxRdQjzDzgyZt,1
iSyzwJLFExaUcPM,0
iHiOIOnWEQSkENf,0
TReXBIUJikjnkob,1
ScnkeTuyFzNHzcL,1
CPOywqImLCAGwrX,0
xOTClCNQxIrFTgg,0
iPQNSHPhMACwtKE,1
NuzdLrqVJXThgFL,0
TcFAoUyrJicyrit,0
FtpyTdwvkfJrDaY,1
fozzBOWbjNsTZtP,1
bwwlaoxeMjnanQR,1
GHlIlKabMrRgoZp,0
admvBpZvBLhveEM,1
aLFIasWOHScbgVS,0
idXRcezninZHOrV,0
pTlaaMeoHwMpHGW,0
eEJqpBgyWyVouse,0
iSNwDuQdfmLQVUa,1
DHkTvPiEXJdIfHv,1
TyyognbVTrFmhLj,0
shArdhDYRRVnxSW,0
TeHsJlPHJSLpJmH,0
FZdYvQCjhglOAid,1
gMZCjrlnBGSYJWe,1
ppJyCiQIqBCwzHL,0
YUhNKpLnctJXMQR,0
JzelyhLPgHiTDjB,1
fgSZUpgpAnYmVDm,1
NnQYeSdmbFMwzEe,1
KrhDCCvvizhXsLi,0
bbvAQLdNmvouUGJ,1
layaFYIseXcrjAj,0
TVApclyTKcmoWVJ,0
jLjKBqVnhkiCIBl,1
vvaejPQxTwBbxSe,1
dRlDvkiyqWFHvmD,0
SIMNYWXytbPWIAY,0
CDTBqcCwdsDBgJc,0
SkMNkSRSbvKFdoz,0
dYEPMCSzixzYWde,0
wokADxKiyKXakLa,1
CrSHxyQUyqapwnu,0
XaRKoXIepfMlACp,1
dIMRuoDRZUDWYUs,0
LgJfpuuerBEEWfx,0
kpzeDXrxJkmvRYV,0
AdRNxfXGlqpAhII,0
djbOKddhyCjIpHm,0
rkOQxZfQjDKzReA,0
IFhZpMwRKratCnz,1
dDXTZeXqAhSlCGM,0
wyACJxBTXYUXqrI,1
fNPPyaTMVxfmCvz,0
DzLjlBuckjfDmVn,0
ZlrvrITiMGlKVlS,0
lVckzLTIZyimgyL,0
STtBAcmJeZFlVoD,1
pWlsxAQciMbzeSe,1
IgfylhRPJpkyQMK,0
cOiBcMwpAerPJtY,0
SLNbuGrfuNgglhw,0
lRwBBAxLgfJZCig,1
TMsBRNEzeirjZrs,0
FrySXbuJDtEethV,0
nRhGzhJdquvdCRU,1
bQchLMECmSCGaqp,1
hiFYjudLMzhOrcA,0
kiZaJGuxLObZizj,1
AbpexQkFVIgTIXg,1
qmizthEMXkPGLfs,0
KsarbzAhWiWmrEh,0
JQyBTmzmHFzhGYo,0
tAczduJAPMWiLdR,1
hZmmDpKjVnTpmRZ,1
zDZqbhJBSLGXgav,0
VkoPFbCkUqXzbKG,1
cxDQDhRvqMiUTtc,1
WbJgFsZuNsSpoPx,0
tMjFZCaMujAZbtl,1
dzcDJeBQcbqhyBz,1
vaxTKdeAgOHlKMk,1
wjzEnYbDOqEptXs,1
NlteaFnKtFxJgEK,0
dGpxNayUXYVCnxq,1
THIfmKnVNjijiGY,1
DfqGsSFAuRVSSyd,1
cTCOACIYqcbUOoU,0
AApPkxlfOdiMjMs,1
fBAlxUBrrOrHadb,0
hzVUUntahxZHoKb,1
gkUFBeiRdlymOZi,0
pjceLvUhqLnoxyg,0
JJQmCZEmoetiXWN,1
gmYzDUtlvPkqhcv,0
qimXYrvWwifGYbt,0
AcHtEdxqBwFkibj,0
vdMkBxlwtjeJWQI,0
InIDUuRnQWikJpe,1
HalvMHkOMCXxReD,0
DPbIljXYQAJRvkS,1
dXRgiMvKkbcYIkL,1
PHgSIneZQVRhEvd,0
jzDTInxTcbznfAL,1
KoYUzXeqlxABbBh,0
yZrfKqeDkZpEqZF,1
hNSVaOHOgKWIcnL,1
tNfTGWsXwADdOSH,1
sjXjWGihvaVujvL,1
nruOZJcgIcTZBTF,0
HdhMeubdBPvpYRx,0
OKXexikpZrIJYch,0
jwQRkhNxgURuiuL,0
fcvYvYStSDTkxVv,0
jnHthKUpxUdSRUV,0
TBmFSMBqfhvOcdq,0
gVREHNSFsvNfncO,1
bdfczrHzMgXvYjI,0
cokUXHUlcJKvxaY,0
jGgRyBtNwCGJorQ,1
kOMGOFKUnQiIBwR,0
yngHqgsNoTHatqi,0
CtjVFdNnbwEzaHe,1
ZobpfbluNIjGlXF,1
TglOfzZmvledNoj,0
QRskcrabftqQuBA,1
CKPZcejJIyQsoUL,0
TrkfXDzrVGbanmJ,0
kykhAvGWoRDdhhm,1
pfWUlyyElcgkrGx,1
RVWHcRHIupIQpVy,0
AJfqEohsjxZgiQd,1
YNeYOhkZKsYWcwU,0
urWBMEAubXxFXRs,0
bSQjFuySBKaNWxl,0
qaOOnnpESjicTTE,0
DXsVDmMUnxtyVCa,1
BkFAwzvSlHhtwmT,0
jxEHJJCSpnttMjz,0
lJZpUyGuDXkntMi,0
VdHDzwKYYVcRTHm,0
GMcvrsBTJFLbsBb,1
VkpVSDbKQdSdmHr,0
yBQEnrSReTwFBvN,1
pnhkiaSsJOtUlbj,0
akakKRdfxXdQooF,1
bDEJwHylcLkgoQl,0
XYbAxlEoURUOZVU,1
fOIQamvxVkTHjVP,1
ikZycAtLWgzuIHZ,1
BrugYiDOwGieXDz,1
RKGWfjyAzcDQLty,1
SbOFwpNakAnMOwl,0
VEvdOzacdefUsvd,1
nBubFAjMsYunhmi,1
cIyitePVzXCITdE,0
AZTbulzUSHTtcSX,1
iBhhnglYmmIxfHp,1
mpwCuRwMGNmocWF,0
GaZBcTTrsNmJuoA,0
XFsPnSvGszVuxRa,0
PSvXMhCPqQnsgIe,0
wXRGyQQDKMzKqML,1
CdwvqOAybsPpnXf,1
kyTJwwYuzkCyiSV,1
YhHHKjcvXVDkFHs,0
DyxIjgMFjKzORBH,1
pHpVQNFhJDrVOIP,1
XEuNtEjscASZeDL,1
kWatQHkYjlnIpbM,0
QEnSHcTUzCntFPZ,1
RIpXlwDvQkykCfc,0
wGgNwcvMfbvsqEl,1
ALEALUkInghGrvy,0
LXOlqpbJxCbhdLP,1
rujfllewVINKABc,0
DKqUkopcEpExCDB,0
fILTsHkTEApxrrW,1
kteklESpQldPmVi,0
dNhQSRoLCKjEKze,0
JftcLaWOsoRLcie,0
tVlgjqlzqHPAuIU,1
oGnVVtoFVMXFQtU,0
kfczrWxVqVfYXCy,0
xpCHbKhCFILHcXu,0
urFPjTUiJbNldwI,0
sUojWKsmgBDTvyk,1
JBrqYQRsjLfdxuw,0
CPOaTvsvVFchdZh,0
upPXuSpbDGrEJsu,0
GFbFHyJsAmNsXMf,1
VnsqMYdqcafhRjg,0
UVttHyqEwTpctJe,1
DQeBZvVjUaxTGgJ,0
APzwcdVNkwlYDsN,1
YKuyqJkJTgQlUfG,0
xxnZfwNieqmgdAH,1
RbyJKyxHTqWzfSq,0
FjzRBzTXLUMtEJx,1
YaclomdOqGFAbPG,1
paazrmwEAjCIWpK,0
qnivVNDEVjfIzGc,0
NVPcICtKiDuPVdN,0
NORWanfeAYenCXQ,0
NotnPgoYvWgYLtk,0
aFwGvfetKBoVxyW,1
GdYvZBbQLiyWZzL,0
KKEaIgADYCfzoCR,1
tNWWOUaWuHvBMQl,0
KNEMFjLLVyDyahG,0
FIcGuoQlDuQCoPO,1
WYMRyCYjXrIeibw,0
UCJNKxrrwxNbAQV,0
FmvdbtLHmnMAOGd,0
lAFxgQNKnCvtliz,0
JdxJmRUCHnShwsm,1
pecptLnKlGZIDTl,0
JoFwjNEqDEeWEoL,0
CQkMnKzwBqykiUM,1
jztMoSExKztGcca,1
RCwuMhYdHflzvhx,0
ZucQDIpIwuuRHcB,0
OzrqBWXwNuftbFa,1
TMoUVGpqbGkuTHV,1
bMKoqZdMFBUgdGC,0
tFKvHcDUNrCNViH,0
zPnYFyClpXZXkuD,0
hTUKGgaVuELbLjT,1
UMokLOdallSsdWA,0
CmQFmUWTwRiOzlV,0
WOWDuvhFUijsMSt,1
KfvcohgTsaByXnu,0
vRWHaRdzwrOoaEY,1
WEpWrrkJexTiVir,0
KjyZqeAVSSqmpxt,0
cEHimTpnmzpOdKv,0
zVrBRpUEXGIZYye,0
ekfWvqxVGqLbHRC,0
RDAlAaEIglWuaxz,0
BFdvYFvOduFxPOC,1
uVjOaLHcsMorDcr,0
RJfieoekpxkwJoq,0
WcSeaOmmYgiUfNd,1
VMqSUaLCpTRNDQp,1
JLPOlhVpfqCxczS,0
GudBhyHTdBYOsno,0
LiXeonTyQsGnjyz,0
OeCWqVgrkixSyca,1
IslgOwhGhljRvFE,0
dbaKsVIZdCwiwKe,0
xZBMFHfMfSMJlzU,0
MVbSayIBXZpCHfX,1
NhZDcbehTtxTCvl,0
wWAQqanDxnfuayA,1
XkhPJjgXyfvHRIh,0
QbzZKcjvNvXVGjX,0
wzguLjyGsqwkKdh,1
MyBbMkkDzheLsqL,0
DceVebCMQwRZZhQ,1
fxmQoyCqAvKOpgz,0
SZTbXZlErMvvzMS,1
iMLzsRuOiDNpHWl,1
YzQhADCAQAfanta,1
yQrdgfjPIAGZkpX,0
LOzumDjfmVInDYo,1
EeZfHceoictaWCv,1
JPdTLfhNWaFuimj,0
VqgmyXjAHwOmmDI,0
vLQAWHDwUGDKwlv,0
YfNcqHxsnrneLZn,0
nHrjqxjhOKhCtoq,0
sFVCKnJgruZWkIk,0
FXNwhTUpLUGrKdR,0
IZLVnbPTxsYKDNN,0
SKRTqacmngrKiPr,0
ceAygCrZSkymfiI,0
ldkkKkZvMSotcCL,1
TzMEKFmoxELxIBH,1
QfmAjVXpytpZEuw,0
CroyyVGvoLqfcju,1
zKQJrchviHRldep,1
mLBoeGNOfTdcQyR,0
bWPaEkpIpCEVMzi,1
EHOpwWbFDFUZPYO,0
ovFjHUVbVEZiafJ,1
bViQofBiTXLVMwe,1
iIhxxYrxdeAsZxr,1
XNvDNmTFRYAdkqs,1
FhCbWVNEKxeiqzi,1
idCevhwSudAerJy,1
cVnJrAByZrzDGQF,0
STDyVeGJCVlNmEO,0
NobDEepennPYMmw,1
anTdYzXVGukXvxu,0
QywnrctdkNKqhay,0
QsvcOKIcurxThzj,0
girWHUbkqjdzabV,0
LfnWnKPoDAxKtIr,0
hqldvPbTxkJjcrF,0
TdqYassplQtoJgR,1
OMpDEUepKEbXOBw,0
DkBcgJIXJwDSfrD,0
RYnnEtHpYEcFjUQ,0
DHHJNKIVQyAuMYv,1
IVZRuPgQvXqbrdQ,1
JdryLxHPviVOrJv,0
voGDcENgrGFJPzE,1
BkaYjKcCivaUEQQ,1
sMLgVYNvRRabDdE,1
RaZyOndItdWiilj,0
bZXIJooxCIdadqZ,1
AyYEbuOifSzPLVo,1
ZvPubHleIEkhVur,0
sguDcuVnPbawwwu,0
BEQyEShLAsqdmRo,1
rqayzmbMkYdABvB,1
jyXZLwjdvpaJocY,0
MEzbJngBFJomqBk,0
HGpATmzKTUxcSPl,0
MXickPLtVAZUXmk,0
kgCKhnlrgExyHMc,1
gWjAnCNeBJWzclp,1
rTyACHZBVRytAMa,0
fRjfsbwZtWyNCbr,0
oIXlXqmaaBgKIvn,1
MdlijHdJSCxLAnP,1
sgvSfjyDqwrNRVX,1
ipJvfpuVPdsKdVy,0
mJEXXnpNONeoTgk,0
BwyzZkFpzPuyWih,0
LdKwuXFHxIIQqGi,1
xBiLrlPJMebkTzW,0
DUxQBJiCnlZhdKK,0
JnNoHMgrigvfGqY,0
QyjSFVKZidtyLEQ,1
bEMJiqrDQMuwHAq,0
FiQfUHSQJzNrnfB,1
YpBlUwqWJSKKNKl,1
WIiyUzBYPZdhues,0
amopCugUxmOiVPC,0
uSIdVTupSyjxHJY,1
xdwOGhYuQqGhIJP,0
nSAtkfgDYObsSkO,1
QianWvsRDikhVGT,1
CGHfLrnKfudCtPm,0
hqvZTSuRuUXSIxL,0
IpBVpCPIdRxgBrK,1
kbZezCopvKhjxlx,1
hMzczqFYyWYkELL,0
WhjBRFAqMZmJcJS,1
PTbWBCbckDMRCiV,0
qOCOljhzdOELEDh,0
BAzrkzSiIlcLDuh,0
cBgEtaqGeGBsCxT,0
fZqNxdsfmIaooow,1
XgrquYQyCjvojPL,1
UMUynuadgNGSOPA,1
bPHgfvwgEcjHOZs,1
iwebqSSoufZjQoG,1
KGsSMmenqniZIaq,1
ycgTnZjyknhFSUp,1
mGPfMpwolqfvkLP,1
aDTtbpODBpucHLc,0
hirKoqOZrVLsmbj,0
fgjgfMUhRsIdHMs,0
YsaBdwvuCSDcSiV,0
wtBBhsmewpxyrgt,0
JPiYWMYIPuPfbdw,0
QtHQGQugDtPhvPa,0
zMhZetbpIIGhYNZ,0
tNQqbUwgKxRvHTu,1
jaWGjYQSYKyxDcJ,1
WfYtymaufGwZuei,0
SetbxVoNGvTDKCN,0
lhiwzqKgkmSejeE,0
TEAQRkGJaXdLmDm,0
AfihpmCYpXAhSCW,0
yFfpwFSNRlHAjno,0
WbLVAXZWRLQBhKK,0
kwkuPHOvtDfufxN,0
eTGLrjonpsXefoD,1
iSJxLkffphmETPm,1
yNCAMfHjSvPEIDm,0
iAtJAVjLBtOwfpC,1
hYBKVZZmMiDggST,0
YuEipuSaEhoVVlp,0
IqOEFusBRQZwiSK,1
LMkPFeRWNALozKr,0
TgxUfQvSkxgXndF,0
pEgQTUuRIBPKCWK,1
LXdNjEOLlZAvLhv,1
qbriPWUtRtVOwue,0
gbCdvUhQnilMKWg,1
BxDQcdxxlDoCawS,0
mKPRplJYstxLBVA,0
EPTuXtPgxlFcSDY,1
dzOHigtTdQhPoPK,1
GDrZLmfUSIlGVLT,0
DLryemStASdPUzR,0
RyQRVPWEokKLXMW,0
dwWRWOUwrGjTjop,0
smHHowXzqLECXnr,0
VbpePsRhKqBdqWg,1
cZpzSpzdeDnjTGg,0
CUMTjowxGOsDrbf,0
hvtlOWfZaZCNnAL,0
hEwOJwsUJyHysyZ,0
gVMaokGvQeindrs,0
rDdIvGAcGsXTKQV,1
HZtBfnDAcoUKrQt,0
mcaQQhCLNEnDCjt,0
vjNYDrIiOITQjWB,0
TbQbnoWfOcNaOmq,0
QYRrXTmGmrYfnNS,1
GGFxUINKnXvfbYW,0
PhTNwLpkNpeeOCx,1
nWPwixLZUWetJkW,0
TpOWTMeBHaUYYva,1
zkJYUVDlxDkeDbD,1
hZSljUdongrfFTM,0
BRGOmSekdQjtTpS,0
XnKSZgHPICExiAg,1
wsQjDpGwkVWzvrZ,1
DxEsfIgOwVlIUMP,1
wWsfoEtHPVKBxML,0
YETxJYjkbzLpgWi,1
KDbbbyZAZmXyAXP,0
cMbWOzKdXsCelAh,0
kxfHNcBaoEzHYbr,0
NRepittnKTLXozB,0
yLVmIZmIvxhKHUw,0
AxaLJCaWUsxOrMF,0
bXLsXNtnZNmNhiu,1
vbbFgFpzSgxAZCe,0
jkOYdkmheswDlGf,1
UTQLGPRQEOJCjgj,1
xyspnqpILxDpMvN,1
mxYXNhWpqJQtnPm,0
niNCyTjfqVUUyuR,1
xfpsyYNfatIDWTk,0
WZLzbvsrEqINrxR,0
mPWVHAPkBWObrqf,1
rlaPBwtBdSccpBX,1
lPQSpmVivvAPATy,0
cQpZcmPaiUingNT,0
YjVfhMawJtMifXm,0
cShttZrlLQnzETJ,1
WpisarGKuHBHAND,0
WwYeiEWEIgkFmBZ,0
NHqghWcHGtlqIiS,0
zrOmZlCCDoLfXGJ,1
cpOrmQQUJaVOHFQ,1
RzhhGIoTpMbhQXf,1
KRpbzofNUwbvrvo,0
EsWNtfQUWAVAtDh,0
EdKOzjIBhdaeRmV,1
wYsIVddxlgpwHcW,1
YpYiVNwbvCVoFYp,1
YINlRbyqpuEUkau,1
EVMAqlVaPFqceMP,1
uWtsJvoWqNyRatc,0
yxvdAuLXMxHQntz,0
fuEckqeZyXEjLry,1
gfPIkhwpKOtwmRc,1
ISvtrJzLhDmqMoB,0
QHEzGApSLoCUmDi,0
OhBVglqDaHkZdFp,0
QiLJmaczJSWMFTS,1
vvYpfaPnViuXDts,0
WNdyoWUeplItRcf,0
rwnSAKmmQhhZuxM,0
GqDXTLswiufVIBx,0
KOGnzFyHfZGxIBb,0
xnJFXHDrRSmgjOf,1
TJYrUImzJBFLgKi,0
LUriOdnhMQzmTmD,0
XJBCPcZLCATMhcD,0
YORNtaVbKdWUlzJ,0
mXUPffwfySzTAmv,1
IMeKOMuTpHWoRgc,1
ifIafaVpVzCRrAw,1
mubNTgdfoZwMUgI,1
qRhweFvHzygINal,1
SAekQzfhmPAqjRr,1
DKuyQzFoQHYnVrO,0
AqMhVSiyTHaNpUD,0
bPGWwhRWoeHJByy,0
xtHhSSKKqJqQlWe,0
sGAyQgETmBUKMCj,0
GgdUMGvuNtgiTaH,0
pXAmXZgRoGKJNmc,0
vqnblPzZNhpambK,0
pWtutOjFGsulgqh,1
UhVasxSbMojlDhE,1
SyAYtkFlfcqfRfK,0
KBXWPVyRFaIWyIz,0
EVlkUOyLOcBawjI,0
HsWTbeJfMBbHrba,1
EnDZPxMzzmjzopm,1
LArgglhjJpoEMqz,1
IAEeKmqMAnhBKPo,1
ilNdTyUmKLtAYcU,0
WQRsGwRQjSxnLSt,0
cuQvQMRcsmFiPcT,1
SPhAnvfgUWYirpQ,1
OupEdQRNvTZKSMd,1
iLNlhqAzKGwWPsk,0
KHONBMzPqRZEOOM,1
LrUXJJjgtdfwZkm,0
dycoOflxdVORloN,1
TglUApnsVQaVIGB,1
ujYeFtrjGKwLakU,0
JuaDdYawxdqiWYq,1
zmFutBwaIKVHvSO,0
ByszpLuQDbKDtga,1
XZRAZIFgqBwYxXz,1
lSKUipBqTOMUqko,0
hHyiAHfQVkbVkjY,0
ctWEKfRxPggFpHc,1
NwrjKMvhkEsvwSm,0
UbWSGgStLjNEZHQ,0
BNiAwcgbjSGXKWp,0
TWImshaKlAIDwAq,0
frxcOgWognuqiWU,0
CIhUgjkvAnIqUwO,1
JqlLgyAzwKdRIMi,0
kfMnhyBeLyfqHRD,0
ImtjdKNtemSKVGZ,0
drojyKQluWoGdxz,1
AVlPNyfBHUVcDTT,0
qyAIEqCPWUXwjvR,0
dSfVfsrBUdfdiRf,0
nrxobOakArnZmDj,0
BDvrzVEXUfBJUqV,1
ZiwtKDjHntfDiqh,1
vXJxPNQRyUXQezQ,0
gKGTNNpDvOntFCx,0
nWXyGTJnjAUQsJP,0
qxTOtQpuqYUhhvq,0
ytKpdGkIAmfPGuB,0
BESXMmVOpaBinoE,0
qtKYxVPIuPXSFNG,1
PSuIHVgfJiNqKUE,1
PqHNAMFBSDUHMBh,0
XzBEYIHWoKlpzse,0
HiFwNVsTYvRhZAX,1
jLsxzJishEUpdtl,1
uqRoYOqOaTPvyPl,0
vvDdMJLiMoLKRsm,0
zFoKUfIhjktbuhi,1
HnNdQINkXRWHTSM,0
slmlcNQqEefRWij,1
uzgaOvIVJkzFghq,1
rbHouQPeZzzVQPs,0
WvxcsxkAwyJIzdd,0
AviepNulXNqKqvx,0
VySByIcbiFkYCiw,0
NiOZdmmSmJGHOJZ,0
HtCYIvzQvzWrSan,1
pybYSUicTlsUxod,1
isByIGJegajEfWS,0
ibdVrBARAHZcPZo,0
vcuEnhkWmEmqhVf,0
fjufrYIcaDeZdwO,1
XxggpLYINdkbdEI,0
WSMKQOiiijwcgns,0
XQYooGbFwMzmCbF,0
pNzjmvMDckxAhQh,1
bsgBjTHCjLVSmtT,0
BoriLECfPwSAItF,1
UrxhKUuSYHZGuVN,0
FGWlgwsfsqRBKQJ,0
pxGXaPEnlNzgSIc,1
XdpiVnogigcMJfL,1
GhNCuoswDICxmxx,0
TmGsBsZDUENVKAn,1
wntBeogkYMDOiFu,1
IpeiQpTpsdgXSjI,0
XJZrdbtJifBPJAv,1
kvqOrajJZtvnTDl,0
GgbTBjlZpzCTLSo,1
yBSTvQleUadoWDE,0
BaLPpMHnUKnHWIX,0
TzgPvFMFQFfqpPV,0
pMJidBEPvdTMKAf,0
lWDcdyEduofkwSW,0
zynRFaCGMtRMoUb,0
nRBcvxQAgPPXTXU,1
baWIEfxSdtYnMvJ,0
bYOSSROVxuFmqcd,0
NYpNviefRGzgCPp,0
kVCtOEQmIYjavuc,0
twOEVAnEFSGuFPd,1
bslcXGaJXwsKFEb,1
pufNzHWjasuebNX,0
ksNtKHzTaOAmcTZ,0
RCPAIczIwOawXbL,1
asMjVDtSotldbAA,0
oDnZxvWHHVDyBle,0
oahaUOAUIeEsjKE,0
tFbTSrtNKmHhYqi,0
faHALHTWzDGJcRQ,0
wPVkTTHxmZKanYN,0
PnmkXlsNcYVqbec,0
zJoDmvMgMfYuuID,1
jOvhpenxWBiPlhf,1
yzcjCesOQjHmMFw,1
sISfwXLgLuyRKNq,0
RVTvyXMZaUjTyPS,1
OSzFvwOcXiCfIvi,1
YDkhsmVBCJVecJB,0
xtrxmSSlNlKYFdh,0
OKNyVDMLHHGhtiN,0
QYQQcoCVUOGAiJI,1
nHTyVzRRyrdqKfu,0
BqOnkDXWpuAdaoA,1
TOthlGIwsKOvVzR,0
ZaYNFStukvbldbc,0
rEvHeQKNLuzWvTy,0
YFzJjduOuWBFcOJ,0
JnFojfRSwTcJfCs,0
PFhjlGkuHEDszLO,0
bpLaxXXxvfKRRxx,1
sKGpOqEKsOIxgga,0
CBcSVFyaOVHVoPk,0
bwIQERiWVrfUSNS,1
uwCQoCIRJowcKrB,0
OHSLqSmVwusfAIf,1
KxFideLjnvkzbzn,0
GkxhFRFgGPeRQwq,1
hjfugByUBElUviA,0
nJQGQiAzjzRQtji,1
LdsRJwBGZxQzWxo,0
zCOHFFDcRUCPDBL,0
iYuWrsXCvHAFvZr,1
UNCZfvUCLOLpoPa,0
LfgILtkyjiZouGp,1
RAePMyIamukSdUW,1
ugdcdDryWSJkLLJ,0
wyOZOQNEbMMXhqc,0
dIOzXwtxgNfQZvc,0
XsCiAivZjgEdBVh,0
DujlVGGjBTmpfIL,1
hwFCgMStXXzIHoq,0
lKqLheoVaCqmnOn,0
XauCkzymDvyMSnK,1
QtHQDJuJzDsgcSZ,0
ZnfukActXizlnMt,0
TxIJpShSBxexOvB,0
qfbKnQDzEQILNeh,0
QiOTTsaxtMOMYDl,1
VtImKSjMhwovLUd,0
YUwNupMmJDfgdkJ,1
aXpuYsqdsqjUOcs,0
ydRVGDEkWjhbtgH,0
UbNHNxeIzJVRVDN,0
xWmDwYOeccFqbHQ,1
sWUFJEbgzOxpEFi,0
ZRBrKpAnnPRoEyM,0
DtttvSPGFjErHnV,0
rYIhQddhopcqEJn,0
QxtFVoUMfdcvndm,1
NKvrCLyRcUOSEuK,0
KiEGRZrflMbjtFp,1
uTcHPrZnrDmAsVt,0
xcvzbYxKMNjlYvE,0
cUNeYWhmeSAUNLV,1
xJsvofwXQvSeMTt,0
KzczoTbpnJrrfpp,0
AzRxpkpWWFerBfN,0
UccCiModMsDCUjo,0
dvtRKTHHIwMTiYD,0
SxCzKgxfxoHMdyz,0
ybcRbeexKdTGCJk,0
CZicQgCTrWvqCbv,1
QaxtVoWQliaQHBZ,0
gGQLzkiVcBjdqKh,0
nySSFSIzZwMSuEF,0
uYKTeXkTpkZOPxX,0
dyNtscPYZmdQmsW,0
UsJeMOnSrjtyGxZ,0
wpcKVzQVSyghyLH,1
PwicSkSrwvprLAs,1
kFbOqviwgNJAYWe,1
GnumyJOjuJDdiPD,0
RsKDeMREAUVJWaL,0
WWGPjCtPeZluvWz,0
RcqabZMkvlzoLJm,1
YESRzPUzoATNxjA,1
CbqRiCsSyJCSQGg,0
rQcoOpJuxBaiQKz,0
FGJlaHbAWGkBvFe,0
mqwUEKkSRnXdYRk,1
TifhWmNGpoiCmFN,1
yyTJsTSQmYneZyn,1
nyWcNrbLwTxvRDP,1
DIeZhLXSTNTyrIf,0
dSNyaNfLkABlCnk,1
SOylwZLffJlqmZq,1
jPGyfMMpDOAJuJo,1
WwCteRoKWSKIyyV,1
CagieKnfcdgcocD,1
WvSnwhiPChIvhYH,0
TdWwaWIDFCZjlew,0
pEZnGXISGSTyOVw,1
RnZiLmQFYnMfqdA,0
gknZilcodKTKfBP,0
UzgZghGWtnMxxvu,1
cqBJsbZzQHqSxdg,0
EHsfONyMYoPVutt,0
TVUVFVUlzmZszOG,1
XfqEvUJSpRTlulk,1
gRSeHzwWSlGSFcH,0
lhEfuBZnBJSAmAA,0
CXPTUArTsUjjygJ,0
XjGLbMPZMNAqErN,1
qWmisKyqTyxBCkd,0
bilMaiEojQvgvEh,0
arjEssUvQdSymAF,0
vobZARukOnFxCyo,0
wuvNQBYOjvgeucO,0
asnwmyFuqaMYjqo,1
lTRYbBhdMSUiSsk,0
pBAiOyLoHWFNcKf,0
BrXSvwtzCYuXATW,0
PfcyEMnhrblEMde,1
SJqIKivYJqfvYEN,0
srAKyIyRuMLWgOP,0
yDTigLmkFGYiMKU,0
jBKBfgAegAXjUbY,1
DQYGcJdywdPbwkI,0
EWAtlxNiNGnZHNI,0
AQfgGDlgMlcoqIQ,0
NMAvMlLIcPDemAY,0
adWeaqZnCjkyaID,0
KIPEOabigXQtAaF,0
oBukWkIZsjHwRfT,0
WmdiWEpdpnoVPyG,0
aLLqJIErgYVKMsF,0
cTMPSxfkIerBzIq,0
mHlLCaFGoJqXXER,0
PkqWXNXvUXqANjU,0
fpxRxmYcuGSOgxq,1
rzfJOqyEgfbfKwJ,1
jksktYWvhHsgWtJ,0
LAPKiigOAoUWytG,0
aOjYizkgBTmUOWe,0
rhpaAgIAStAplow,0
XlSzldvKZTWiXit,0
nmofPrOIbXeditz,1
orZYHjhXpyswIKA,0
nBDIUXKiEOQhKzy,0
KTqPfIWrmVvAkSs,0
flUaJLUXRSIDZJE,1
vXazARcdqPWbAYT,0
YVWttboFOlWpwOd,1
syTJGiKNvMONIOI,0
lnCRPjkDgzDqsxg,0
liFHBAIcTGEfaaM,0
zVDPcbuebHQDzTs,0
BBpEyozpPEzLeqr,1
ZylPkbWZwCjDvck,0
raOLwaQOuvgPmfI,1
IJfnwVYQewcZpGP,1
NNoIONzuiLHYMCH,1
bOsQGXIYCAhXAnx,0
fxBVgsiikmKNUaU,0
OLojXsOQFACjdTx,1
rPRoILMATvgMipQ,0
tOkDpPfRwmIVmEy,1
neQrrcEOrIFBoAL,0
NnJOPeMzLAfxHSe,1
GeXzzQIOFiLdbdB,1
YAjnHvpfLJZrRoL,0
nrAFrpjEPHoTGhQ,0
JkppSsnThNYaEDY,1
OitUSJhMeiBomeP,0
ujkqOSkLkDXgMVw,1
tYadBYJDgUvcOsN,1
edSYMOowsiVMMaC,0
ENzhXPGIRMrKUyn,0
hpdHSMhfAxgwEMy,1
VDzIIzJJCYSJpHu,0
zvckzgdMBmGodOe,0
VHjPuUhQLzZjbSp,0
JOpMGVIyhBUsGel,0
VQLHeEEgBNQBtFk,0
MIpmAbmsFnRHGmv,0
blSEUPuRICpwfsg,1
cbrNzSjooPZNAMG,1
EdfhfbHBufanUhg,0
mlvmmrIcCxostka,0
MeHpzRqlfKVgJSk,0
SNXAnXICvgVnNEt,1
clwIXwVnHBKPqIY,0
TRyJanYiEGySPYK,0
LYSrVTRObsRlXTU,1
QXmRQOsTthoftNG,0
aLsPKsNpjHunbio,1
TrNdlaOENfyJyko,0
ZuFNQgVRZkqbbsq,0
hIRUjNzGgoHzHqK,1
qKgHeLiFcHYowgJ,1
fHbRPcleQPcCArd,0
EokOjKqPPkqcFIs,0
ikDvVdwBWnNMUPL,0
menVEVXkhTCGbRa,1
CFrMtgEJXIYPjXY,0
qdipWPkKgjmjxKI,0
QiWjbhTBpcOrqyh,1
GnIdLSBCovLcbiz,0
AHbnVcKPJVWhMVf,0
MCtISoKsKeRZyjt,0
OdWeCsCKJjbcxay,0
FTPDOBxIlnyLsai,1
UbsBmSYUUbjbvoy,0
EWnsaSCNDanthXO,1
CvlzuoDmVfIcXoh,0
LfsmwQFtdqzDBgt,0
YKHlLPJCooJAEOl,1
jaAxzqAzSUlyzLl,0
wMBCZjVnzGgoXUF,0
hUPBmfKnPVClcVT,0
pizScthxopIPDIi,0
UPGFkGnaabQJpdp,1
gNYxcXLWlYtQlvE,1
WICWZEvXCMOKvHw,0
cOGDutCGdLxNEEo,1
DYOzduwOBnZNZpa,0
zQyxLGBEtWCQiGy,0
clbcMSirrrXMAme,1
yrDsbzbZDZhiZtv,1
MpQESMMkoMNxJlf,1
oDyPzhglvqgkeLa,1
ZFluxKZucmbohKy,0
gEBMLuGNRmZbGXW,1
JOcxAphgJDijJBD,1
EvXDKNpGUvurxjL,1
hebjQgGCFmBilPQ,0
WHxGmUFznRkvYYM,1
JpkDmLxWrciYaSx,1
LKmDGgCmwMuvTSM,1
PdGESGRlOvxJXVs,1
kDdwyZApNPfVwDm,0
UAkxeWwZXDwHmZF,0
KLwPMvjDgXVZSVR,1
oFUaWHoiFDIRivl,0
enaRNlFqYNsIack,0
dDJRXyADgGeOmbu,0
VzZRjVfPhNBLpZt,1
ZWMZJYtzYEtIozf,1
NHbwAKYkdCbQCNw,0
qxQnDkmMQYutbAa,0
PRngAtQAZnOYYbp,1
zANghXYUTZfdlTi,0
hIcjxvmbTnrjgjw,1
voDpwEXAbCUaJzW,1
NQqHrUGUjcNCDCL,0
HyIuHvKDRvDmlWN,0
yWgLJADjaldYBoE,0
mvQgSrFxsdqSgws,1
TVquxGXEJBEBJNm,0
iBAHMjluwfiuCQG,0
vaNcOvgznQXtCCI,0
MWcMluuAGLSUWHl,1
ltsohFNNpcmuHab,0
geIzsAxwYazfsAY,0
iNIkLNFQfVXUfrO,0
LOvmpbUrhToxYkv,1
PXwGIoptYnKGiHm,0
zlYgUzpSPVQuzFs,1
QavmUKdwaBuPFnP,0
jbMosptFVRTVegx,0
XFXrQPJIYcAZumb,1
STxzRKjxdJnldik,0
SDEHPWgKPfKyBKU,1
fDOqQYWAJyZAoMj,0
QWRFpbPveOEzlDc,1
LDpztNTWlsONVYe,0
gWCPnIEDIsnhAUD,0
bSvSKQmDweEDxcH,1
aZmonAiwJXbgmXN,1
WFtPtHheUCBSVym,1
bTRZLfDqVLqSJYy,1
GWVVsAeZlWkPXul,1
UrJTdMvzMvmwwIA,1
rkvpCCVqgsvbaLb,1
AbImzvJGvQEJqCk,0
BkwBzvNvjRbGTLP,0
oDGYEBDpKAHeDVb,0
DDkdpdzkYAGAuyH,0
OjupjWqJlITTMhC,1
ErqwqdwwFtGrQpE,1
NWLajgDfcCQskhR,0
tAJsAKEPXtcblYX,0
wehcPGvJoTVKzGA,0
GRcXzBhYYokwfjp,1
qNaXnfwrHeSUgyq,0
KNcrKBwERpZhITo,0
BFZCZMDzNizRBcy,1
XieoisDFrvHYsAt,0
XxNCBbFgsfPpwaf,0
wNdfqwTHmDIJsfz,0
SewyjNCsbtSVWwP,0
XZsDWKvFKyppHWq,0
GumaeeLYpDqBSmL,0
CpzZSHKmGzotGTW,0
nTsRGQOEazcWMMy,0
bBWxjSZoFpJMErC,0
najpDEfMrPszvVU,1
cBdyeDZnPQubjCG,1
CbDbNQbeMifrXjI,0
nkusFKYCraDEfkR,0
vfZaSbiWysAZmGC,1
uydrICFonIDdbjZ,0
qtknmmHZjDpdsQV,0
DmIhaZVnMlNRNZK,0
rFQoKWKEZgGoIEh,0
eGyGOZqQgmHwfkl,0
DJWqPeWsThxDaeB,1
YScuqZBGKgeOSLt,0
fJpoUyVUDpkwjjv,1
ucJrLIWmwMxgAlp,0
iCtTEeiFdEsWYad,0
XFkQbJSBtaOGSwy,0
mzlayGdMObgEUlK,1
cEphUEVrHqwBujN,0
HlwMmcLjXDcClSE,0
AqvTMJHOqgJJZdb,1
xumVgnNotMIOkmX,0
iOSAPabFmustLdQ,0
rbMQvwtHNLpvFlf,1
woqQOBxGIPRkmkq,0
rhrHgbedZiyHEJD,0
xTIcbColtzOlOAE,0
MNBLqCSbYFUVAfy,0
yjEdYNnOyLrlBUE,1
YrTSRhBaThGUCDC,0
eWjqHENLvIPrxCK,0
jOvVQPLPNTUwHCl,0
hPCHjqUSCZAzOFP,0
iFNofHBEzoxsYkB,0
vgpWTKAWmBiyfLD,0
tNrCtRUhHEsvtlb,0
gCSBhBgtCqkzMiK,1
qigRgwsEPyqyZoy,1
QyPEVMdgkESAXWq,1
ZKnlWmForzOShSK,0
lSiPnXxHeBGjiRi,0
rHEtCsmvniDEYkG,1
DCWRhSFBxCzleOQ,0
ywujxCeulOIrbZB,0
UuOpwUxwTymbzOL,1
yxWtsXNRWwblYpM,0
EzCqavnpFwWQsPW,0
BHIxXbwNytZqbpY,0
CgVqwsWRmMfceYq,1
WgzEUnMHVSBAJnw,0
ntZmCtjgbNUOFph,0
hOlskOQJWLVIzqi,1
pHOqrBguszzTRUA,0
GIgIkIkYFPMnvGj,0
JghwwkkBWkUnvCe,1
gUERDTAayJpvasG,0
nBeMNnDTcohSxur,1
KchcBxvhxAFNgdm,1
wumHtQTFUmdcrwk,1
tuFeNKicNTgzpas,1
GoWpLcGQmIFxlzE,1
FhaVGDRAIVwNeCf,0
uQMPwcKrNsxtonM,0
kvHqhMCQlaERAKG,1
optqBBrsibpiNFn,1
HlVFeQEculenMya,0
OYGPLLVQcQkVRKc,0
ZtGlHaZCNtWxiNU,0
BsMqkEkBHxpRmBf,0
QcUvmhyFNydjoNS,0
ZNOkjVJKvRVDSeY,1
gtHHjyAGuCsGsPo,0
doIdwTnwLYVDvRP,0
qzqABBwfHcqqZfN,1
UwVuaJbMkgtrWXn,0
vLEmNCMlfXiqsKN,0
DLayZtSreXSmSpL,0
NAmxuNsLzJMpXBu,1
RBRJevPyeujiPKR,1
lnfpkDhQVIYtDwj,1
OLKFeHEBuyUbhBM,1
dVRtbYdHxZzmElk,0
DczvzdTsjhXdFDR,0
qloIxktMjDeeEzK,1
NFvpUuTemKopZjZ,1
KSnhVrCvkgsDkKp,0
azRAuanaTWaRHNg,1
QnTOGARumQulFja,0
kIznHLkSYJRDfEF,1
OllIYpTFHNMfBKG,1
yDPtNNgmgVqTiDi,0
OTHSDvJQqCxMqOG,0
edlGmymKThhfItz,0
ftQxZhxCVznGAkz,0
JRfTQPuywmijSHL,0
qEOfSUCZCmyyDBo,0
hShNhPEVmifHjkQ,0
YZXvWRHmUulHITM,1
jwdCXcbPYgVwtbw,0
iTvTKPIymtgCPOr,1
UmAASYbIDGNgpPS,0
vJicFADYCxamKne,1
VQMSvKGWeObZlCZ,0
tbSrTUIIjeAaMuD,0
smriUwnIioKdRPo,1
QELhLweBNIQpNcG,0
CACTapWUrsYGRuR,0
dPwbNHGOsBgDTYL,0
vkpEzkgxkDgTjvX,1
gpYtYKegzEjuoip,1
nNoMXWSHTQWeJRT,0
lesxrVTjAzUUlrr,0
YjOPnqNYKDsrjRq,1
gHLKXIkOIbxPmIG,0
lNpmXYiIpchkXxu,0
OxOHdyAaAUuCnxs,1
QzqUeWkLpVncWdG,1
rHZnPxUNxwgpNBr,0
ETjRaXHNhNJMEmo,0
FuiEBafiRJvjNnE,1
grgrNDKXqLAcTej,1
RBdyLerQNidmEGa,0
lghQRxZaMZCGEPh,0
sRxKxtNqYlVHgqM,0
IdktiULeALPJZBH,1
bIeiVAHmvBqZKUu,0
prHqXDshnPAhDVT,1
lGSkrBCdMsbMKYi,0
ICffuGFgtJsThJv,1
qOxhqcmRSJSjKKC,0
XBCgpvqlSDoYFJe,0
eDuEHXSvEsCKubA,1
MlTtqklAMDfzKlv,1
lOBkLKXuRTiDaZz,0
TsMAUDbFaGJRDSI,0
bbmMwdlWHYKQCMe,1
rcRFMSQSCmVSSVz,0
vmLUgxSBVQbDkQW,0
kYAWEHSgqsrzqeB,0
qZoZVbHMTeFrInb,1
oPMqpWxmcjTulGd,0
ZQHgeoCiXymxDqw,1
FIDeeVMLmSvPfJi,0
cXPHwVdGZOgUvoa,0
kicVZOmaFqCpkXV,0
AEIaYfJTrwxjFNo,0
aOyNmdiRRVOrQXu,0
TMDpvVpAVYzrhuZ,1
nHKYonEgxGhJLZq,0
OXbXWvbVFQIISBG,1
JIANzfXlTjTphUJ,1
aJYEzrtegnLqqwJ,0
leAqyeTjlOKnqHl,0
BrSxaurZTBPUyvj,0
ATYoHCCTZJEejcf,0
ozxrsSGcDlxfVmM,1
aIpsvZovzhmkHJZ,1
jueioHiEtLcCTCI,1
aiiLNxXOEJelKeo,0
ptJxFzLQOxTaVbe,1
JMIiTvCOxInkYLg,0
OYfXgvPUKwRUeeI,1
FLQkochiZWTNANN,0
rdYTpTcQIaVwWab,1
uLwYBgVhRbjIKxZ,1
bZRuTOCeyuabauk,0
GbAPloucxgIgnvF,1
VvcAUEHWbHGWuhl,1
UARFrlUtEWCFNmt,1
eRKpIenuVCJTMYg,1
lkzVdsiEjnhfXsr,0
IbooEWHwnRiHCLM,0
FoirwuBgJsNIYmT,1
qzUgxfBokubcTpr,0
AncDvYQPTFdzAOK,0
HFfcYFpYhmGDitQ,1
NLrNpmwXwCPpQkn,0
colBOKARYvPhEMe,1
ANMlbaMqlecrvbT,1
KxZWvPmTtcYXPMP,1
lMxmGAytYqkRXIr,0
sTxgmSgHDDjHLkx,0
ykWsDSkAOqfMKsi,1
lPVBSoIhgJXAWJX,0
GuKCGUldDtounEu,1
PEtezzGPEmQZsUL,0
zyxdcJpDxsNKLBO,0
JCaHMgkPantgQuk,1
ZySxKCKReMkEICS,0
cxlvrFEWAaZPXpP,1
nmLHeatIQGgfeGP,0
SPYnsXxDOTwzfdF,0
NZNxmoVhgiOKitX,0
gHzyxXzVRiLASVI,0
ZcpzrAZjTqethuI,0
YYVQKjySKmmvnuB,0
OCokdPxXyCETgDh,0
iSyxUHImTnwoNFO,1
KustScbeoLGgBdv,1
qMOMMBahhtxZwaO,0
cGzRSdJtdCqODlW,0
BDfYSlwNqHVUCgT,0
DJRORmKIAIItcqr,0
rwcuhbwRkOGnutc,1
YJvXViDMXWAOkLe,0
aCsrXxcAWcNcmMa,1
oZDyMsUSQKxkjyo,0
cIripWEwNsRwLON,1
ZkFVPhLvIerZoGd,1
wxKglaaavuGOPVn,0
eRpGRTkDchZHwWv,1
iUlgPGiOcwROmrg,0
bqMazPGBwdswFsH,0
bbVyqneKgKIqgDB,1
aflFuaKnwhcDmdj,0
IBNvxfsHqUPHlid,0
OtJnyeBccYfxast,1
MwXiAFmuWySRDXj,0
myEQXrJmVLcJBGH,0
TufMvINcSTLIfmw,0
KfYqRnOVDWsjMzN,0
dxPkYDhUSesUZrp,0
cdkwasPaieYBRoM,1
ZkdgiqKssldrKxg,1
kgrkTreYywhAstp,0
gPthXjPkLwWEHPN,0
hZiSXpFufkGGRaN,0
POlQifoIcWDonya,0
UQFtfxwmiITTgrm,0
ZaQrLiEZcZOVJZF,0
UkaSRvDEJQQqlKK,1
dimpKpWRpFsoAvO,0
rXuCwRqSYgdhpfe,1
sZGMUwgrsbgyoBl,0
qzDwuaCmpgRNVUl,0
zAPKFpFiVWCjyhm,0
EHoBDraFKAnXKqM,0
EvqBtDPHdYUmqDS,1
AmikHfomxtYsYDF,1
PYhSgbTVyHbdLNQ,0
LQXqJydPhCDxLcc,0
kkfuzWSdlxGvPzz,0
mTylUWaKXbMqAQZ,0
heIpMdiJvSgeYiW,1
QcvPIcAxjBNDEyP,0
oGTvrGyCgKaPWAf,1
HoMlUZTXJyiQnJD,1
MYBAhHqKgOxJZZt,0
bbzbuityAKGtgsN,0
zqlkUfnOHXwRVDQ,1
yeYXQpptXXQCapN,0
zViMxWYGGkFenFx,1
JJQFFdNQJEcbSUN,1
qZaoEABvHUiFWie,1
AWDtwkAZIgWrNwI,0
yvKrbpkCSsOHuHK,0
DendScibCTGNkeS,0
OiTNBpHKrjdQNIE,1
LGGJRTlHylMCUvU,1
gvrvDRbJqULvGuv,1
wbhbpWWEOIWAvsh,0
qftwiDxcvggNRht,1
FqlrnkcnLmwWEkL,0
hQaLXkjaijlslnK,1
fOxvztvIecrjCGB,0
aBIvBVzRyDRhHaC,1
HUetzvtAggJEEvZ,1
bqeUNNZnKuoZkdt,0
TePufvuPtuDqcxM,0
pkIBfolDfpOvOrH,1
zVtDsIYZMJpYQVQ,0
jIOPBClAkDAQBvN,0
lPAkGYKAkSzeroj,1
DMVZAvXOIoetIGp,1
ldiNRvqrOONnzeS,0
RhpoGwtSQvIZXFL,0
KJpUjozXEKdcOLa,0
WMKCMsgiAgVmTil,1
gjxfcIYuSMnvomo,0
apaANdLdmbuknoi,0
wXGEYiEHRVvKFnk,0
uqKMpcDWYvADkFY,1
JtoXfKTIjIkDOoK,1
MnycVpYjLokOykD,0
mEugRXeJhPRyjCh,0
HMQxqgeZotqKPZH,1
dHZyEUsdhFKZYZc,1
eddPnXhmnjPXNcM,0
ODWEdwSaihUYaEd,0
lfQukrwQThhyuWu,1
VfYtFkkusRvNtXM,1
jEmBOQcTSnsLreU,1
TVAgVXmTsPmvIRj,0
DlFSiEEJUxRNRGW,1
cvtXmpsCaHqIXhN,1
hlDaFAIiMObUiSU,1
NByHHbAlGCerOZA,0
xgNGnnJOliZKRsj,1
oMIAgAzmhVxOPPK,1
rUPMfTwMDfEhXSl,0
ZBYwSiFqdXMhIFb,0
UTOyxgKYUMQjPES,0
ftmGwTOBkXpTGSJ,1
TckCeqSkCHFJMWa,1
JptWVgwgvFimEzz,0
IdVCIjJiPnLkfKE,1
TSAEkLnaqLmThwg,0
ISlBNgSqyneNxzj,1
uyckecfVtlpXqVe,0
elAHhOhSXEpJdth,0
tsBgtpXCGkRDPQT,0
WqmWzyBXOORyScL,1
OXXsGNXBDNKVHmk,1
TwZnafVyUmobywY,0
EzqnUvXytZilNQL,0
fwZgYhzuGzcMTIG,0
gUFsQtneLdQgkuh,0
CvBXVnmOlPpZSXL,0
KvZiHqnTvymfAUw,1
eAmPlRRnrxPHCPC,1
lRTWEcnuWLPROZn,0
zyBiGBXEgRaQywY,0
VbQjIEdhintJHbv,0
tFouHRafEuzoBdK,1
lNCuLuBKXOjGBzp,1
wwSNWQFAlJJgRSU,1
dRFzWOmNvFzRHyH,0
gVVdDBanLKYICsc,0
TMFOWYkAfrMsbkv,1
jfKSZukkReeLvDU,0
xHzYxjbNPkURmjH,0
WAFdfSatjixSRYN,1
iDVleNRNawiSuvY,0
oeiWCBgxWohuimp,1
gSZlyNABTHVoNnw,0
BXiWPGVdIVGpryC,0
GYDGkyoYgizayQz,0
tBvfaAsgiDhiHVP,0
XaGVoRzYQaLMKkP,1
DKsnQmLGRbPnKFf,0
vjqeOPJncAXTAcc,1
kLhGOYIMyWBrtsa,1
awBzwSoSbcQoEiU,0
lkTatyPFFildHvz,0
lPjmLUyJYnaNKDD,1
gBtVFSVFTcwnkDv,0
dlbtcvyUQnFLOpf,0
NOHNYlIAqaWYxic,1
ofqQgLyQTyhCfar,1
GDyKZjGaDwVJLiz,0
PDcLSXFgonHOasB,0
JCelnYizDYXncMA,0
OMUUpZNlzbKWPiQ,1
GbGcdnqXVYSVonJ,0
VKfjxIZYaNvPtIY,1
SlufzazrusmjFpS,0
CFvjPedQMddOozX,1
glssQpzZrIznLtE,0
eaoJUZZshoXGVQw,0
OOhNfSQCnOBFeMK,0
yykmGmIlDmhydbY,0
KnwIthNBSaQylVh,0
fgFWXMPYvESEzHi,0
brOXzKhtxIJyssf,1
oWVVEaHMUzTZZvn,1
pmzAjMeVposTVBs,1
GcosRXQABSxIcEb,0
nqNoaaEMDrRZvLP,0
zMLKJUOGJHlkGse,0
HcqGPuSuljkoEon,0
JveYLUrjwYOLPpM,1
PlrLdSBVMZbbMcV,0
AidCbDdiAUpiHWy,0
KXfgmsPNTWiLlRa,0
taoqznTWewaiCua,1
odeCyWEGtNtPlXi,1
fvHBZYtDZdiwlFo,1
HxIbMNXEprcNuZz,1
RloopzmUthBapDl,0
yhRzlyNUIVBtlAJ,1
VumOgGYFjOqumOh,1
FZIkzopouzGufid,0
CmXDATzxmqmPzmd,0
TCjJiMMvRsJyGEu,1
UcYwJEBKOFXhmQd,1
WZYOKNKQjvyHtGy,0
CHGNKymcSpdssHy,1
yUoEfaXqefOwHuJ,0
eZlMUthzqloCjRJ,0
ybQuOAHmGZwMpRc,1
ZFcuGitsKUSaidk,1
FdmgTlLlcKXGrKZ,0
ryiVQuIEYRhowcR,0
LNEVMhsgmIryEMC,0
VknyBmnaHrATYnG,1
HRbrtxpfRYRTeSA,0
VGFZxfVAnttpJRl,0
kOYoXIczRlqwGmo,1
xEUeBmlsMyELICY,1
LhpKibIRQIFpvTI,0
alMAldVnOcpCldL,1
TJsEkgsNdHQNiNV,0
rFkarHsbZypGUXl,0
bxfkhqpoHSKHBWc,0
gzJHsCFYLTRnBfx,1
OZUViTCMwlTjrfM,0
iVHLOUtoNuZPbIL,0
kZjPDxGyHGcKfRY,1
iiETPTWUcUHcJSV,1
vAQaaPPEUxLhAzv,0
JruzMqzTomvEZOu,1
cRTYtAwgbbYhdqw,1
uHQvIKhoufUiLjZ,0
zAlhZyAwxfNqNqT,0
QnzvgnVTdUNdUCo,1
uRVabapxmencnPM,1
wEfWbuHJalAPRjE,0
ZeWXdvKRebPeuBV,0
kLZiiSpjXuDfNnv,0
xpmmFKPMFqlZwKK,0
INsVdphRkCkkDqS,1
OpNfVZhaYRIHxfp,0
XgobqlNKtlmwscf,1
CYoYZaQkIHNWIMZ,1
YRbDKHBvZVygEHL,0
QODhzluKTYymZwO,1
iBdQPuLPoyHNXIP,0
luHfVQYsnUGxGXg,0
fPAMMAHvFMRtlZT,0
bKtNQfHgrqBTySv,0
VnymulYlFQjNLGA,1
TtQzCuCYrlIwYaz,0
dVtpkfIVuENfKLu,1
VYKuBBEmkEdXmcF,1
SUXUIdXrSQewCHe,1
IqMfTiAdmMIHVNF,0
centHCYsGQXfIzL,0
LpkvTMxLLMSaBDU,1
hNQJZoMcSdgTboE,0
pgBmQyiKMjzIzKz,0
cwHXPIqlAnvsXfe,1
JqvhkfZyWoBkEOU,0
cgYgtDtViBqXxqA,1
JrPlDFtYPYntKOa,0
fnRHtEmeidHVvDy,0
BDphzlfxwfbVfDY,0
lCpmgCSkaRNlwZV,1
JlCylKoAAwTrNTh,0
BFDhqMuqqUsyMGb,1
mTckbwyJjPnIOzm,1
NoDYnOakImLbVLm,1
RHvbPgqPmVpUfcI,0
HiFCTHxNbGYCTWS,0
ThEnUZdRbIBNgqe,1
xKLgXrzxLKSkgOj,1
VgMcQygaebOYhkg,0
oPlaPHRBRBlszCt,1
wJbdcafZpeBvgVM,0
FlIMZeDQfgMkvbA,0
eVMKnqFbkkZeGFO,0
sMktrHhJQRvajaf,1
WKpfTVnwqezvmhp,0
OSFbUVpKprlWAeK,1
gJXxrltaPcSkwZC,0
cSSEdZcMXMugtyL,0
RNpgKkhMCqtyLFB,0
UavBxEYXrUDxnca,0
rFzsrQbSVXiyDHP,0
kCTKbJybhgtfOXy,1
FsRLMkUOwtEaZMf,0
HggJTfNfalqDLHj,1
eJnHmnFfmgGiMmJ,1
RWJqMwJQnUSqXGt,0
DEZIpPseQduSuNo,1
IIsOyJhJjipezGi,0
ZNXPkckPaHzwfub,1
YTpBlNoczLATiBw,0
KagZDRLFwNAdcmG,1
RvFqIgoQmTeHdcf,0
PDmbbflIYkPGcJc,0
STMDlBUvevMJtiq,0
hkktpGNcUzIhTxO,1
cuUVpvCQUQQoqwQ,1
ELRTzDZluGKnOKK,1
vpgHyIusmacEddA,0
RkGViqBorDqBgBX,0
aZlLtxuGvLAVClw,1
bgUFeZGqqVbtRPH,0
syoNtBtktVWUFTF,0
mqjoYsZPpdgoOza,0
hsDiGPtKNEKNLgO,0
SFVrEKyvavRcMGK,0
cCTooNITPWoSzaP,1
DwFWfFYHQWmVJUU,0
AVXLKfXKcfttXJw,0
feExqzGElzDizDo,0
qNLEQOPPmfKhUyg,1
UocIQytXrOUumHy,0
dnAbdMYziJUTtAz,1
QSfwRPbTSEwaHok,0
wkIwVhLwdwpOIWP,0
wXchJvatihKkZyP,0
zuSgSkrOoSnAWSM,0
nGBLibTiEWiGtqz,0
mEfuoqYCkBOnJHJ,1
bEJZNDIxLwYZQEe,1
TLsmHYiNxLaJSMS,0
vRSPZDVuPTvSGaJ,1
NOnUftrcvYfvFHk,1
kBIYaAxubgdvuuV,0
NmpiaTbCrtUHbyD,1
NMEwmmoiwaxVcKn,0
HArgwejzFtWltgz,0
gEJwXvgRapoFtro,1
YhHWbMkMMYriXES,0
TZUslGirqZlfIqe,0
jAXcYGnkEajvvRB,1
mxCjNQuUqEBXZSW,0
OSXakJzZQHpBkAj,1
UEpZfuOWTiKKpkY,0
MiLewKXwQHiKuln,0
GxhydMNudmCQRXb,0
ePepOewWrkKmPTR,1
DNIZoLqbSYVtAyw,1
lHtYewuKriTvrTG,0
xtpsURXEjORLQgj,0
fKIxixvRyVyEcfp,0
VzSaUsJStAMuFTt,1
DxtjZdxFKlaQmZH,0
zqGTvoLvqUYVSeZ,1
qBgHJxwuxyYJRZn,1
pTcAzEmRFXDIkNh,0
ArFBQFyjBZnWBOX,1
QtLxlXaQWEzzOnf,1
IVWZYGIHhmKYrtk,0
cCqhgVLJMULnPGO,0
sGMzLFIvvSQwnJx,0
oLIwycmcNGnybHZ,0
cDzUhzwFdbrVcqR,1
wcdhzPnTmJtRjBl,0
vWVOmFWWSVxNSnk,0
vKpMNZtXUhNgoat,0
xvfzTFRnRaAqGLG,0
WefxnqCvRFEIHff,1
MpIBnkWCSymruVY,0
DigoQfnLqfLQVVX,0
qKPHvCYwbyEbLOG,0
JlZRsZmCSPXqawx,0
XbEHIOSZLNVJYaR,0
TnlSQozmMSVCwkr,1
ZhyncSZnFQVXvGo,1
merGGkLlQFhEpBl,1
VhwbjraTmCxzPJC,0
PoPKGnARoUnvuCj,0
EpHDWzxqGRKCbLC,0
RkCZSSzBTeHOmRO,0
LFGpXjVMthELujS,0
jTbMczidmRKynEa,1
OAKdyOwewJnJHXT,1
gUIjavVKfBUTClJ,0
ATLDTuKDzKlPIRm,0
GyeWFVBehMIPGPB,0
kMphUxRYMdcBFgC,0
nvdnOWdZgJUbDqP,1
gywEpXpRqEeihIa,0
tuIDPsVcLHqCFaZ,0
lmWjGDivzwmUjHk,0
rYfxMOrGQuGsSSz,0
nxDoFemxOxyCpHW,1
ZmSlFWDcVVAmHsS,1
fojJYyOnbUXNreK,1
NFFuVsmfKWEqfrG,0
XvVGHEtiXxmAmTR,0
qdNAAOanoQTZzfi,0
GhBkzkmamzgwAde,0
wsgsroAxwWDEpFl,1
CHNQdFHQcpcjDMb,0
edsCayYEpcNoAcr,0
AIjUayoWfYvHpCu,0
unIyvcBaBVGGMNX,1
xLjpwEQEWnTiAxZ,0
QoGJWwWqDmEgBIu,0
tCspbKmkZIaKBkF,1
khPfhognOtycNvu,0
MgJDUExXYtgIduL,0
WGXFdRkzStcifcY,0
nqUyoDPMGJxlBOZ,1
IcRWtTGXKnDCJJi,1
xDedICIvzjTlTYn,0
RWWOaecCmzwogsh,0
cvPiwdbUYagFFFz,0
FErBoWYccUVuyFp,1
EYUXUbyreaSweWR,0
gSTWOuRHIqJbVLB,0
NkAyZYFQVUZcvOR,0
AaUxfDSsmvDzFaq,1
EbkPqQTTnlGZOTk,0
HDBZFeFFsleBYao,0
pymPXyglqgskJiK,1
osQyaDLuUigTbyH,1
mRacmUArOlqKjBR,0
QgYVQzRVWXgxQhu,0
EEIEpfhHumMTxaX,0
PFuDjiWgrJooTzJ,0
gvszydLPNstCHzl,0
oDGSHghFQYlsDfj,0
QtNtmCGccwryzUm,1
soPISgrfvDjIFIf,1
HqSYzbYNAPuXKHU,0
uTHniNtJsRzMHWd,1
WJuLjXmfNRyKELW,1
QCIHUGaOmHfcGnp,0
MZegsvJwIfAgNkJ,1
SUNkyfYcahxUEug,1
cfSIRzTHrHZpnRL,1
gdyfVJiwAZjSAZU,0
izSlcDrpSyNmHkI,1
wiihNwkbBKzDePT,1
UrsMfbqfgpIVKuo,1
bpcaoPuedwQBinC,1
wRxDWFAuOfCYLhz,0
maWMRGtgAVWxUyx,1
OhCDfruivyfOJwt,0
pokfevgjuqOgJOb,0
fAXrnhvpvZEJzJm,1
DvOlMdXcCqphaME,1
lbIiWvQjZnbbtRA,0
doULoeuwhZsaJPZ,0
RoRtWNQtinhzmeX,1
hcbbWtDJxbfSdop,0
GgXtlVPGXMrlLdD,0
ZzazJVsCLmFncvU,0
CvCFmPfCmoXwwgt,0
eZDJifnJoQURmiW,0
zqievIWYFVsIzpM,0
rPmOqMNGaECsSGs,0
ocayIaihMMmfVDm,1
KZZkfAWGCIPXiAv,1
zopGfbWxaltzEdj,1
zIefsVXwIwwaTOl,0
McebXNZxvdisRTD,0
AulhPpVuzRuulmX,1
DMDkkvEAkLsWGhx,1
vVzkTqNNvuAXshX,0
zpMUJdwRblPaYhd,0
MLbIOmKXvmSjYsI,1
dWYZUpVrjtkssCG,1
JWYEdtbGCIjeegS,0
uaoSBMZCDeLJngj,0
EMWwwWkYLMKCtNh,0
tMmqFKfDilOiNHr,0
crNDspNqtigfUes,0
qnkhruJbvGajxEg,1
rlSanvqTTgQbBtu,1
YxhALGIcXfvBkPs,0
wyVUyJiXTTIKjPc,1
jKTKJnFgvWsrTBw,0
zLlzqnIaNSSpCJg,0
bZjUKeFJaOfYMIP,0
gfvAItPnFDlOPQL,1
aTYrusmODgGnuwz,0
uBBApdDvzhiVuTI,0
kpfIOrzfpMRGbOb,0
krRCDinrlShQoif,1
asvuPVuWfpqwqkk,1
RFfnPyyTMCNJKnp,0
NAkYdJhIFwSDYtW,0
BfCkRIGjBAYaIRR,1
adaosOnbthRoBNX,1
KsBMfRxpOozsBwM,1
mQWbbmWZTsVfkFZ,0
COjhaNMAvnJZrxY,1
cqCACNwrMljddRS,0
TxAXNYqsiAEMQWT,0
vmluivznVPeOAkC,0
aVTMaQOAFQkDunK,1
SQNwnpChJUMNmgX,0
rYcPwhCXSLYdBna,0
XXTsgEshCjwpVlv,1
bAYZNxNDlLAsmJQ,1
dXAMRDcIumukbuF,1
CWDndxzJZyghBZQ,1
uDYJVSFEfdIzYYq,1
GnCsSwiNwzvoGut,0
xVqkezUPmqtFbYG,0
YYjjPpihpntGcKV,0
EMjjYrsqsnzikZN,0
PZrmUHENJFGPsHU,1
YZkwFpnswmXjjPF,1
mFxETOdMmNBcYzG,0
NiOugSJPwmyYXXF,1
XGkbPkHAMQnCTRz,1
hCcMXIMxQUotkFj,1
LUwoNyvTweWfAgt,0
sDcwzACOWzmpxwU,0
vjvwggoiExfhyDH,0
SNGdZnJMPneoMxu,0
PIlMAugnrhMqGnS,0
kJooJAzfcoYdUCy,0
jfzGbRoToLlOXnp,0
MuJUmacdipCRNoQ,1
sGxQaiVytBvjRAv,0
KwsZklUTrmZhwVy,1
KwkCeBPwsiwHAty,0
mzdZbrXMIntjMaU,1
cjYCvimggtQZrRc,0
AENgjidkcjuGGpX,0
QBvfRmpwrRbuhxE,0
wMwAhBhJPReZtZR,1
ocvbPOqFNQAqNbX,1
qKWqRJQVhnaimMr,0
oXGcUyYxvYGapKe,1
xNJIOxVUxLxOujN,1
xcXHTKkopRBuqcp,1
vgoAbIDwUtrJYFv,0
nezBvigzMYpbKfq,0
mumxjZMzbQSkNBI,0
ZDLbpHFkFXOIzFN,0
BybqkATIElhIGYR,1
NYciYnZqjHZmNfR,0
LNxsOsITQHUhvLd,0
EMvrPeDZWkgGqJT,1
ygzghVjyoEUYtMC,0
BHZbAgxCZjHpfNP,0
eBHrmQpthexzHdw,1
hRkciHrsPoHqVUQ,0
QSxZWMhtjyQSAQF,1
FchJvLUmqwuqSEb,0
rccVbDXUKZvFHZs,1
tvOONmTdviuQVrF,1
SFOJtkcpQJeaAjo,0
YuXASWiWlkSwBZU,1
jfbThzfpibmVFmh,0
qUJXuyEAJVtPMRR,0
ZwvLlEWVhjGoMpZ,0
RByCVUPVnqeSkKa,1
DwyYFqroxIAYHHx,0
RoSGRhwnrnoooah,0
DdWgBoqrXLMURVh,1
tLXqZMZUoPHZuJn,1
JtUbMIRqCsqoLfZ,0
KpnfpjBTidRWDWR,1
uucHjqMYjyLsTTZ,1
yOlnJGEOJEuAgAz,0
agRLBTHiEqzDkpu,0
aMjwQwxtGPSqibE,1
ZSkPfNfEESDsGIS,0
xzTXXABQjmwDknZ,0
ATYrBliUpGCkZPy,0
ozeFFbCmamotMHk,1
JImoOiyyHzGJqcW,0
ctwzMLmBqKizTuX,0
oLEqnRxiLFXALvj,0
ynTISgBpqbszAvg,0
MZipklImUzYJQHQ,0
iPPfXeVeweUcfJl,1
yhiwEpACRHcTVNc,1
nLOaPbIiFutbHXE,0
pcxgozDIEkmRafQ,0
aLdKjwxsOsuFYzM,1
AUSTHIQazPOiJWg,1
oRfUfYOfGbQLGvU,1
UKtMHmxhJxIggyE,0
KBqcEZBeKRGLHZE,0
aYorPprRARkXrsq,1
UUMRAcgTQkBfTeN,1
qvvcleDabqLvfkc,0
OiwWYQqFlxDECYe,0
zGCGWssJJUybNcH,0
hGlHhCnlUVuVkMa,1
nKRHQNnsjzxmlqb,0
vIQKmFivnOhnyDj,1
DXOqYBKsBnwbZng,0
dlLRroByjcvkWAJ,0
FRuFFOQmINoavTV,1
vTCAglQhgbGcxfR,0
SjQVBDFDYFGYOWv,1
klYpMXfXowlIfMw,0
TbbtonNJjlgFHvA,1
NSLcMyXhPgyDNqQ,0
VBpzrutupRjzCLf,0
zPVhKAHHHpgpvnB,0
yWAcqGFzYtEwLnG,1
vzmflwkJMRQcYue,1
ItucHWvHCWVwgrr,0
fPBfSbfVAnooSFE,0
DvSHzRlmEtOePIf,0
lPUSojruieRLkgQ,1
srqnzRaOdHXXeaO,1
gZyNbcoOqkHvtEO,0
xKjtHryEbyCGHnb,0
BzzdtlkuhGNCkKy,1
ZKNRXTitfBzwTOQ,0
BLgYyJZwRkpkjeR,0
XrjquRswEHiPGhQ,0
nQuKgypjxvcGTgr,0
jNllUfgdGrJmdsc,1
BzuanwOGcjtKlag,0
ULAcOWUFRvVrvOE,1
GcKaadubbByCBzL,1
hLUTQQIJVdQvcri,1
QYYPfdxpgCwHJLa,0
kTavfOQVVChbyXs,0
hQZcwRTIghmJKAf,0
CiIGkUNRNthUGmg,0
OlJVYKCTBFITHaT,0
EuUKkpwuNkKAVyv,1
fhETCGUkIgixUBG,1
nRuqqxTHNOdaCod,0
wfLBYhSbXlaMIrw,1
jiXIhjeJYkiuQCN,0
oyvOTIaxvKCnDAK,1
eAmxKqZjnHlMiGY,1
secVSGbcSnRiDLW,0
KcobsnrGxnzjyNj,0
oISIVZIEFGgwgvm,1
CvbeofWhQZFjNMr,0
YhOwGIZeacMaXih,1
sXCGMDIOqrobhNY,1
UXHndIkBqZxOiUf,0
xDOhUPHtZJPsDJv,1
PUKOSPaINeBxDRd,1
pdBONyKombiRhxp,1
KwxaemThQIEcubu,1
ojTMRXjOjWZLNle,1
HFwfOrxAdxbtxbv,0
txTDTFnbdLyobrA,0
mdkZmPjcmNLwLXH,0
fbtnIHQbQuSHeIu,1
vbmuevSXCWNIOwI,0
EoyaqyKoAYHfdDW,0
SAWeHbIxqHGvkBv,1
uWoXjWsSmeHpduI,0
xrELUTQfMQVdRRb,0
KBWwRuawaaoMqYX,0
DIyOqJSADOqchDA,0
ysNSmBaTNozNFFM,1
GURpYTauXDqaUhL,0
bpmAyQkLpRlrJHJ,0
OcsSSWJflNizYqE,0
wuAgIQgxqrXhAca,0
WuyBNYhxMcnaUZO,0
ycigiSeCxnNkSTR,1
ZWgbKwDMmuaqijQ,1
iublUibvMmcAPdS,1
PfCcVjWwSkvRcJn,0
DwsnlSkBrvwWThL,0
jieJHTwgNhMbrMa,0
OTHgSXPSnMPMGhr,1
QLnkDvpSscZendT,0
DiTvZoFjgILMCUu,1
UmlLeYQAvalWFdT,0
NnreSHTbtEOetFo,0
gaXbxPrARLoyoKS,1
vAPRBjCTjHuinlC,1
oTlJDDqEgfRlJdX,1
jCgBBkwxSsOuSOz,0
QkySsRLEnbTDNMQ,1
lOfEjIihlXRmskB,0
JHKIPOkNnlrhBwL,1
SDREHoadBbXiFSo,0
vajntIJxGRqhxaU,1
IcYZZYATIHrbEoR,1
tVDhHQbFVprGtYq,1
OSeZoWJwIGGjgCR,0
VvwBJwuYLXoertW,1
TmoMulcdamgURdF,1
NKkRgDLpgkYZLsV,0
oFjePefLxwwoFfp,0
cHyzJbmvwyyYuro,1
MfFvQplqomfieRa,0
ajrdJRlPbsFdDqu,0
RvfAYeGIgTXAHnG,0
ebmMgqYanlNlQxN,1
torcskANnlXhuQl,0
YRZAAtnfzPdYfYB,0
bqZTxXlvvDwCJRB,1
CKnBzyiMHNygloF,1
GPAoqkiplgosqcJ,1
LSBeMNjzVFVhNYl,0
zXoHbOIcRPnqAMd,0
nQJFAqcSvRoqKoI,0
QRZBEGlVPfFdQTu,0
EeuNuoaAfDKfFNP,0
lQDVIicSMQEKauO,0
CpVTCGZZTgmkCeB,1
PWTaZooLhDMapFS,0
IckEkgQhEUsUZtt,1
cTcPzhWflZbOTzV,0
VUqDUcHQuljRIPD,1
vgVDRIunDyaRSOd,0
uKsODtUWQJFCDFW,0
EXpvPpvTWqKtytj,1
GDGFGbYqpjgeRkL,0
eRnJljWwAOSLMjA,0
McZWtrTtWUOqqFb,0
EmGmlqHwPsBSzBO,0
XQWjhJLFGKuPRMh,0
ibelcuMxHDBZmzd,1
lngzrVXbUecRtMG,0
HUWXLBpoCUwNIJe,0
tHpyMCtPqLOTMuu,0
uGRFXVvnZDBYJFq,0
dIATwDObcnPXiqV,0
qAjysKpjASqDskb,0
dbBManwoDuVZnAV,0
zfKNFGvRKDxunWc,1
xhEuMsWNmKoMemv,1
khHHUDXtcQyUwwy,1
CUrmGIiORvtilXu,1
RibEIxLfIqkCuyh,0
bTSXWinsdqwwsXT,1
funQczWyrvmGTWp,1
WOPiSlEksakWjer,0
hmZhnbQXbIqWRSI,0
XgESjGaIKkdPcUP,0
dkAAIuVUzXFETog,1
zTtymDhNQwFpUVN,0
aKHDowVwXQwyPOA,0
UBhVWZFWRegAaxD,0
InztJvXtCvUXADl,0
HtArAVEjJwGxWru,0
iKGSvrCUQjQXsvS,1
ZnLvjrTwxDAvGje,0
cFutDdZZAmJOfUi,1
auqjDxPLQRthrru,0
XUmtMILddobKXQW,1
TmfEbctYmUThysF,1
zkVZmnAvUXjNcaJ,1
cLvkLYXUJiQbRdJ,0
mjMmzNUIHaWgrEA,1
MnlBbAMPjEivKcn,0
xiAwddmsaEKhmBX,0
IICVUjHTxWGHuKJ,1
vgnDhbVDajFneiB,1
JzlwiwNjtFFhNhm,0
ecjLnMgKRgNspDO,0
bfOJNITBdrSUucb,1
lUBrBWYDpnlVbgd,0
CffhOEQjEsWfZCi,1
cemJiJrLColzEhr,1
NJuQFvLOEGQrXsb,1
hsWuvUtYjlKUArd,1
SrrYRukCTvIgWfz,1
ENwsynXzZevGjyi,0
ueemBUQmlfhdLlp,0
jeJApbrFliGEYhT,0
WYYeNFtlSPfDwAQ,1
ETnpWMjeMQqafjF,0
ZKGpqruTDaKIsxw,1
xcEmHrdgdWZqfsH,1
pyHIsIJAxyphQgE,0
FuMymLxBrcFvvDE,0
rKktnqJmKnGwCbM,0
jRHpUUwwCwSLMqL,0
bcesEwzfbogLguJ,0
DYeVgUDOjyVlAJc,1
ZCySdKQUXckaxbX,0
VZUdOJjQyxFOEXs,0
XxJKsQBmtboklqS,0
APSjFbPzknMHeYz,1
qNBMqsSmkSvqEYW,0
xmMpKJHfNghhMsl,0
HcLGqodTDXIfLLK,1
tLbsOQFWwQmWiku,0
dvgnNWbjtXSdpHM,1
RaTOmfdCyzuIiui,0
BXzrJcgDtEwdOad,0
UNTtmLXpVdjNjAh,0
FVrBHFFzAGIntEw,1
NpalcIwqluRCyBv,0
jPmDmjdarwebDBt,0
zydeRPvuUvCyruF,0
hUdhjyNtbCgmMUM,1
PspkjPQVcxxtVqY,1
IlXqFmoWlelRNDv,0
mvopmmRyhIqQkwz,1
IbnrFvMvVKLieiC,0
JzuFNjYEZoPVcsd,0
OPQeMbAjDTeFBwu,0
lyqlEnLBSZDvBMc,0
UytKCvZYRRXJffu,0
cjiIzVkyDBcwBUi,0
DQPViEVtnCMeOlo,0
sILSsHGvbmmkpdv,1
EjIKitzGcgOoqbi,0
RkeOfCvWxypVpwB,1
rCZYhqiPHPPwhjr,1
gpCPyQXnQNAdplP,0
lcylIireUWPyMzJ,0
HHxStVlIgKJRKhB,0
YDkcnnnOPZrutoc,0
cPDFfObHLwVSkYv,1
XvrlEEJocqOTyHv,0
jkXlWLunqgBRYOu,0
iASbiiTUjhpPJWh,0
aKQIhokEiTETeap,0
IOvaJjqkQEvJuTT,0
sXsxvudCGDoelnj,0
cshyvAwjLyDiAko,1
rPfDxaRcVnFWjGn,0
VDFgWvwbzJQPkLH,0
YNgqcQRhIRYddKV,1
wyPqufAQIoPiDTN,0
nLBpPOUSPQAuhbn,1
hSTnCsLtsaTNwrQ,1
VPxTvLpnCMTTSQG,0
dydUJPHPDXSApTf,1
hTefmprXESzsjcT,0
WfYdZJuLuaSEzNs,1
qAWXdfQvAIqdXWd,0
QPJVBLDFqTEnvrc,1
vfOeQBWAcFAEENi,0
jLkJSnNGlaaRcvN,0
RuwHXyVOMEQYDIi,0
GUzREQkhPSoSGAV,0
qxvxdyQvlsEcIGt,1
efZtHaApmNXKyvD,0
mkJEThFnidSlIBq,0
yoiMwJeXZdSSKIm,0
zQUljZfHpYENMop,0
ZYZxrwABtrBXeSB,0
isiWgNZqITZMjtg,1
uAFyPhCjJJIgbIr,1
oOCyTRKAczSKAXQ,1
DfaRRLEHcuvXXuE,1
cOguJDipJqZGMyN,0
FzatHsJEcXIKJqR,1
fwnrGLbsnxSGQGG,0
NLWuxlGwLPZMYtt,0
hdgKdyQAVHamXtI,0
ciqKVJjRdbWVlcS,1
AoPVfOcTKzDzHwU,0
JqBscpdTUuyEOWj,0
yyWEPGLoJMWzyvC,0
tvWamQPtOlkJkEp,1
msKwpOGaTeywZxz,0
aiKwCyFhXLCIIuy,0
qttLlzpsniAwdxD,0
CyymvOmXUvKrPQe,0
oTiQHntVMdCrHpD,0
OVIawXUZMHSIKGY,1
EIeaDVrtdORWYZd,0
LsRdnrdsKqeLWfy,1
kDMXqnSEOksCuPJ,0
KEIoWekTlgQRZXl,0
ppCawPAGtRtGNgj,0
klwegsABGqHjhxz,1
myewghbwblzNSPa,1
MYMFxGLBNFuDQnv,0
NcaAJKAjkQGNKBL,0
LAjuoyGzmgmuaFT,1
azfJLGczIXljpys,0
fiXHwvuLAsViPAj,0
xMYHbuVhMHnWWhl,0
AYiVuCEqMmQfidY,0
BFyWFPtxtmheYxz,0
xRpuMbYXneJunOw,0
GyWnfMQXUDQTESS,0
DVvHMLiGkxcDXEJ,0
VDAyAoJZfUfButF,1
PXISnqULfxGMeWO,0
YfXfGhSlgJBJrwd,1
fSNhAekXWSkGLWJ,1
xKOikhShyzLDiJQ,1
GvdrIVyzQKISWtY,1
VUJFKtflpQuoapH,1
IMjswFGpBXjMMlv,1
IbLjcMytMweajkT,0
BWSmIUMMFkIPNgz,0
zGslyvoOTOJCJUf,0
wqqEHQENSWvAgUY,1
TIXvrKFmMCKmFee,1
LRnmwpZBZUOhYEj,0
RqtDZtVoDZYlCXu,0
QrjelGRtjaLYfZo,0
UzUbaYfMxkPkLBd,0
YuVIAjCfPStymbS,1
oNIeCEEJKTOKCKK,1
twmMzGrNtTgBJig,0
mcbFEeKHdiODKiK,1
gYAsNNYuXgezUeI,1
LpygyXZLJOMpVWt,1
bBHPsQTBbemAoDK,0
toZrnXlxRFyoXJo,0
PMKSJXxkbxCpWif,0
oePtwBldGDcMgSz,1
agagvUntIhGXtfg,1
kVYRJkTfBMgNODT,1
wGRCYgOJQXHmXXv,0
QjkziZXQzooBanP,0
XCoBpqEEjoCsxPF,1
FgxBIlaAPZKNiLT,1
bxNmIrbsCrqwauJ,0
BzAFVWNjetPPiVs,0
fnbcLdkcMRJzFSv,0
uJEOoSKGOqUkoUV,1
BBthqxxhwGRFBrf,0
APrvmGOmsqRLqJC,0
AufSzrZsEKVvKXW,0
uSTqYqHDjWCJjcO,1
rIjRiZejfqcSPoP,1
UhpmBnCBagnZPQU,0
HCSnnZwrHfpoJou,0
leWhzosOgBOLsIb,1
aiFvoneBwIQeklO,1
ONQQZdpaMgsGlQW,0
xuweCajMKEvUJVp,0
lXxVVpNvOYSaKDc,0
YHeqFQPEkCUYMWc,0
CiGGxDlSuXOhkmp,0
GDxcyobYrUGkNyB,1
wbTkQfOQbJESCfg,0
XdBrsHJrJNREzTq,1
yihoIZBkuBcEFMk,0
tnEBjSKLiHehHXf,0
hdNSDNOvPhRTNsY,1
yIjosLDtsxKmBBA,0
qkchXyKlXkLYFhO,1
KLKcYFYpnrklCoc,1
ZcvMiiezXagxKzC,0
tYydMXYTkweAdCw,1
ycfAuijxnmeUyAA,0
QiGAFKtkKPHHGNU,0
ARYjKXMDbxdaHlm,0
RaswBfaLUlWNLKs,0
ZzhZwLoaxbgGTIx,1
IweuWocNQsTcBqL,1
wOJTeknmLZprbzN,0
BrxmaxpNHhnYytk,1
JYsHDZzaioKYnZE,1
nZmMPVFWgGFZdUA,0
bnoBWQeZfRtevYT,1
ALrCFQPSYwfuNhF,1
EbwVVWbTioyZeny,0
aWGbaelPxDFZJgX,1
HtQXdXmrAqUcvoD,1
GLYpWBOnhddlSKJ,0
WOLYILugvshmWBb,0
SsuTRiPPorTuVWk,0
CmvwUIhGgcMEiKg,0
AszkmCcgSiOJsFL,1
jGOpLGXlqwXnWfa,0
LWTNQslWVmrcZlq,0
NmXbpggxKomRJPm,1
lGSqCVgeDwsitvf,1
LXhlVEsRUgRWBqr,1
OgCUDlfSoCMsKvS,0
CMNOdsLcCSoMoba,0
KqRxQTtkZxbqbwY,0
XwGWlpQvPrxUXcZ,0
iSbecnXTxbnCEUj,0
PzbyugRvCTSWzPL,0
FmzFASMXrcTlKAW,1
AMFrMqROrCEWKSg,0
MbeVNMDnicdOFMi,0
tSuYVfIubLIsPDD,1
eauhcRdniozfrNJ,1
OgIdjTzbXAUzBgT,1
ItfGIqcMcZxGAAW,0
AJtcfRHboxAmeyl,1
yARzGFBiCurkRKJ,1
DmpRPUstPuSGsqX,0
sHNQVZBvFJGxgeJ,0
oTiqbDYXuEwGWot,1
MpyQoqdaMwIKRru,1
UNsXorbYOgRVzue,0
gwoDRHDqidoWydK,0
OqMNnoMoQCDBksv,0
EQlUNlAHSkhKQWx,0
vNZkXDyRmAFmkzd,1
BwKnMJYGUqpTtDq,0
XdgKhdwKXJYtoZm,0
flePJTrQiInAkfY,0
bXzVIZkNnXcfNTE,1
pbfJgQtBysuEdWp,1
bwaxIdmewLvkAwy,0
rfZxXLdqrfaOUyN,0
flYvFvrrRzZCgAG,0
mmijPxOFRwXDqtW,1
IefMUFWanANWxtf,1
lKnlETbSCqPYpwg,0
TBuPFFtTSENKbWz,0
hNFlCRoLHhUaSJU,0
bzCdnTiDJxSmLKt,0
LvuztPiOqybfIbH,1
vUBMEYuQLZohBAQ,1
hwLIlaOfOxLBFjt,0
MBNEnSMxgYbPlho,0
CEUPtDVLTpDZZrb,0
vsOBvZPmObYWZPB,1
poLeeXfvgEVIVUy,0
FloalrHXipvxXIM,0
nPwxggyFivKHnMo,1
XNTmQTFNiMpRyvF,0
CAaaMYOdJPTppuS,0
GunkMlpfcJJVgdI,0
ECTxgdnSkUiIZVE,0
FpxIvPLNdTcoCAF,1
drFScXAlCAbaJRc,0
doYBIlcxkbUPBVu,0
LbzgWClvLaQMdOD,0
TWrTRkFGUdnHini,0
kayAnmkRnSOzmJD,0
wBCsxabSTcceSJp,1
hKvZpLRUIRwkjvV,1
aThIipbgVgvaAfP,0
EflYgrhJMSjYSCz,1
zKBPhscnLFLTCKp,0
EVaYtIehpFddNym,1
kBskpKsHPmDVDbf,0
UXzgZcLqJVymcCQ,0
GdWxRgrUOaWNTas,1
NNIPOgWkKRPUPcC,1
aEHBNConTDBDnuu,0
NgNYXDAnnCIudJl,1
UTimaOcLIWbVymZ,0
DZaFBbkENOVSgqM,0
NThKCwIVJKOtkOa,1
IGBwpXOmbfzdTKI,0
aazjfeBcQJWnIZi,1
cZUMUpTOeXsqIvX,0
rNZIgAjRUglBgiH,0
SYLRZqPoXcjAfBJ,0
tgWkRpGkAGqsyfd,0
VoPXleylElntVQy,1
AXALIRdrCUzgSWZ,0
vJpKoufRWfdguFy,1
iOKxmXyWfBhyMhJ,0
CNGrArmoEloTVaM,0
ywQWXNyfmIYdufg,1
BrfVTLbRgKFQduM,0
omURfpjyZPCheMY,1
SSXmlOpLAttUaDd,1
CsEGWAptpyfkXey,1
sGTFmkDqblbvZyd,0
rmGJwCfAGIAhfLD,1
DSGeNqGeDDIelRQ,0
iqqNROBJlJQlSQr,0
AdYOdzzrZbZzgah,1
yCTmVTcHofFuLjw,0
JyyudIbZRiURdGe,0
UAcNUmNdxsVVvDL,0
yPEFoIOKgPLMvWo,0
YbXCTUlFmemDbuY,1
ucUtWYzVDuquqJO,0
vXDxiYYzAjdXAud,1
DNPugVZnFgHqnsk,1
YmbeDxnzBcfxImG,1
NthAgysZraGyDgo,0
aoPlaykdJwBexBQ,1
WmLIAoNosSGaLQb,0
KnxwcHvxXdUvrPL,0
LlwJIrAZgSFSjBM,1
UvntBQuBEbtjNei,0
eDZJAbxvQooSoPo,0
oPqDsGiPmoKLWNw,0
cgcGSNwBFokKTId,0
OyaBRWpnTyFfADb,0
JMZDJWqkfnKXcBe,0
OrNmVOSEzNmfwlJ,0
ZkAsQpbBsjPQmWf,0
cizmYQDnUxVicoG,0
BdfnMmhHDxRMXEI,0
HiBdGAJUsaRojUW,0
qPXlNyzGlbEnnfy,0
rzDCSGTajKSBzIQ,0
sOAQtqSZicAuhuK,1
UtxdrFEFSlEnLsM,0
kKOkanMRTqzTORn,0
oZLNcYOuvMYMDbI,1
NHbGzkmvQBIqVgD,0
rSvAYudfecuKiVd,1
aGvtXThGbkuVDjr,0
SxZhYymKsrCCSdF,0
uczzqUUehcaVQQG,0
rYMVoajnVKRaAij,1
CDnNCBWTkTUxkhE,0
UCHUnQxQbGPzGUS,1
JYGprgkmYaKMqqy,0
vdCCPlupVqZuRzO,1
hQkDcoPIpGkUXFx,1
IpCrxPLyRMKhiTn,0
YZgAyHeXwPNqqBC,1
ilhFVEQirqiclQw,1
HMHzgmrgqjTpOpq,0
lEmsmYuPkcdbxNo,0
pwzMfYfgRZETouF,0
rONnzXtWNrHmXnn,0
uPjlsAMfuIcIcjd,0
CscwDdBXKZvBsWb,0
dhyPrhVKwoRTTIQ,1
BMqZjCNjBzfluWT,0
LBjOSNFQKnMCcpF,1
rEUZAGwQSzqVjTS,0
IvnisfidvdiPeHh,1
TXSvQeSEuhtSNmQ,0
czwaEKwlpXVlGMN,1
xorJNlrcykjQPRA,1
MUbXdBAtesZPUsl,0
PGisRhAgUGfKlgR,1
lShZvLleTqTWBtn,1
FGUwYmBwrSfSunj,0
OTeqRsiEVYCCybH,0
YuUWHQURCEfreBO,1
lGeiWnYXFKXSnpU,1
txiSCAlTIlzDBzf,0
fQVGRlXafeLKGnP,1
yDLtoWxugJCFYue,0
xfkxHoTeJWlABtR,0
mDDbfiGxKArkMGd,1
zGCzPsemlGzDjQi,0
EFDZozafJXkiIcr,0
QkRkMmUInSUHYwo,0
fSzOHYcxfLMkfsM,1
eLgPrLbzsTxzlxy,1
ZPLozQppFcBQdvT,1
tGdZDkmFeiyKgoA,1
SsrXYbPXxTvFJRv,1
CMFtaFhilhdZpAc,1
azSeMmjKsQLuruW,0
CBRAbFuUqfwehwS,1
zwHoLGmYumRgbaY,0
QBJSjQDEIQPuaxb,1
PEVUwRZYUkcWVEH,1
NSOnlJrNubbuANY,0
LvDUERZqhCwJGIU,0
jJbZtTrhxUicVKo,0
BgtrkjWntikwnKL,1
mmfgCfMbftkMtzG,0
bAkCxWGGsDRqBNa,1
ydRdUOaLNwjwCjP,0
KdzVAHxoXpkPPgh,1
STKynIxnjDeIyVY,1
ENceiizdMKOkRPF,0
TDWtzBVVRilEmkN,1
MjHRfmtHORhdjvc,1
AxoJJeNoJWMjFgD,0
sZhgKgraHNBzhNS,0
PuNbUQEZsYjRqmb,1
CSjFYqFvTHUZoXc,1
EUIwasxKqKKDyLL,0
uvtRkiNbpOSPQfs,1
ogXYeziuokAezvb,0
mzadtayGWEtXdSB,0
fGsZINLdrFCkTpa,1
QuuJPsdYTpSHiqM,1
YKezKUZwrhVIpyT,0
NEiQIoOdCKppLoR,1
RCVpWEEpZmAsotP,0
uTfqiMzTmuYsydn,1
nTFKQZCyaZjxJNr,1
SGrCCgLtuSeTBvV,1
eOvJmdKXWUMwsPf,0
jfmGPzASuggPpuf,1
PMAZdTIxliyKeWR,0
BdgYjSocKOIMReb,1
TXVgloFzCKtwAUb,0
gcCxcaWrrSydkKV,1
ZJfVkmFETLnPpZI,0
uRUexZmmsHSBPUV,1
hPnvHecIhczkdUG,0
VwZQfFPTWkCiyaz,0
owxervcIIySvyEu,0
gtSeEsHyOsQONnj,0
nFCchfYwyVxZiEn,0
WgkZkViITEyyjnt,1
vnbWJAJJbbKHnnU,1
QIALeYRMNVPMrdP,0
csOLmxRHVwdFOxl,0
vSCNDinRmycKlKh,0
xDBslPRqZNcDGco,0
naMbLCOYXtmNRxJ,0
DtAYVxLIlfXhizr,1
QoXfWysQpjAnMWZ,0
CcjLbrGZSzFgjIo,0
PfHmeGXtaSziEtg,0
STKaQSPOgodbxnd,1
CCmHSeELwqBILQE,1
wFDtaoJPkQFZVEI,1
iJYWhtsVaYaSpUK,0
XRtNQNgaFYOdbjS,1
jeqGMhlEcnBrrMv,1
kQbQENolBBsMZyB,1
LLZbQkNxWALeZoj,0
WNOWtuGzfvMTyoW,0
SjgRoXQwIPWwyTI,0
zyOgSCHXoozbpoh,0
lwwrWqflBaRuDGa,0
VvBmVZQgsVmlQGE,0
wNwUiBQbXbPLlgf,0
iwjUGwVNSGrQMKX,0
UTZJdgaPvEAsDWQ,0
QPioHSTOkOraZKC,0
jrKLAeezlTCqTTc,1
FgbNylbiLPncIod,0
OWpzucPasZzDRSd,0
VriNroZTGilxHTc,0
CJXouyUHpdysTTZ,1
twgcsRndtaBCMca,0
BmVLJYAufnJZYSb,0
JcgxQYEDytkzqcv,0
LHuwsxWXVSnteqm,0
oTWYsTZvfDiBXGf,1
ArYVcZvcdwPZRWQ,1
uuOfFFzknKVMIDi,0
xyqwHMvivjhUwfr,1
ePXZZzNqhqcUSrU,1
TxZPaCeWLJNrNrg,0
bezMEJQuQNxJiOn,0
oDqKdARIHfwJuxS,0
gRSQnvgTtZUEzFc,0
vFrughvXpneITbR,0
RqmNvWZwqVzczdl,0
ylFhBbCxIvckBeS,0
oDeuJfZMmlRkmax,0
rxuFYRnbqtlHMlY,0
nkuAOMTsMeCJJjI,0
NeADGIAYxKKzdYa,0
aBptudGnlGlYYcn,0
vlKgxBHAjrbrbJA,0
VdWwAwiTpTbLIEX,1
UlYxyPHNRxAnzUc,1
GJaZokaKCqsMMlG,1
KKnofXOXGSHAGth,1
DYmdAkyGynyIHFg,1
rMgjqCZGxummcZc,0
LfdKnLkYNIIxkUm,1
thWOrWvWmdPhDxz,0
iCXsHrVuPYhEYID,1
zjijWhICvLOkycA,0
lYRVKMxHdpIBIFb,1
FKpcfCCryBOHRKL,0
otgUyAreXSaosJb,1
cyJQFhrvcEtJMXP,1
ItzYMbIhubBjfid,1
MSEalliyJSRMdxu,0
josmVXEQYwsyNiX,1
CsQWKtSOvlQaLsk,1
eXeJWhbYWIiVRJR,0
lFIRwMljNqSUQFL,0
PuhjqAuiDpFdpaZ,0
QFdrKRrmlMJqqGf,1
bYyvqwLqCHVctCB,1
vQmpiVNzEydLlMY,1
fAbdjfEuYZboTNs,0
TnYpirskzboJpTn,0
FSfEqdfucCZhjAi,0
FrnPxNVhKBcZhCS,1
aWVVoYEEESRdViA,0
FmaCdwUuZVJLicE,0
zoJNQfbUSHpLLHy,0
elKwDyalLUpCxgD,0
MvLNycqvCOHeAsJ,0
slvKFEkfykyqEzR,0
WLjNvnyXwBWxOSx,1
hhwIYhQEbjgdegK,0
xMEMqzgdSrFlMsQ,0
kYiMtiVseCmszVT,0
HpCHTbRyucHmTVh,1
oJTAnpRcGXirLxo,1
GBaQkRkvtMuJIsv,0
JlubMgXSpYfvziH,1
haqhvRRfRjwNPWm,0
zcLrvWDedWPTsoD,1
CwKhvymmZWxSXaR,1
yMLoZbQaVltGKqv,1
KKtKyaIcKnkMlDl,1
pLmBLersKKXALPb,0
GFrJYLNPtoVhQWk,1
FvXJCsCsCbafFrQ,1
vbpaBxSVvVZpyji,0
KqJDZHpBBQqUYSy,1
bjAVCxWQzYNScNw,0
UyzhZzVCQfLUGQp,0
buTBrsFDCyefiJX,1
NcefomnrPPuPIlI,1
wSakwimptlfSRoe,0
VbXZpNbLGxjDqhL,1
EqSabnjpXNuQomO,1
jBNzCADcIyTYNTz,0
uDdiGpguhXPvfDn,0
dnPUkPOianWloTe,0
wNhQrliPgMzCVNd,0
HIFgLiQRLuEjGlF,1
yuCIVjKgVXsCNhi,1
GFhUcfOaveYJTiM,0
gvepaKovHyKCBKK,0
AffIYqcbBkdGMEv,1
CEXUtNMBnEzNAkM,0
EHpcSaocuyBxiVG,0
bqjCWknpPoIQbdZ,1
DVeAdaoImtzbkop,0
hAvOovvTwxjuvfq,1
xRWSJTsZTGWSYbd,0
aAAwuvUBxwBSvhR,1
KehUXwFrVbvCUmB,0
pBzhTJkevEWcvgs,0
DOpNZkPIjGoYKov,0
pZPqXtfxjCbyPCd,1
ulspOBRSscbaOre,1
OUxSUpdRWbWHQRP,0
dTANIuOtCUKOCWi,0
bsgdBcjnteQmbKC,1
LgBkVxYbTCkSbQy,0
cycpMAkFuBYzcnE,0
sMTIiDLvBVfdpPV,0
gCXEdbiAlhapzWA,1
ihTxHkNcOhMovzP,0
PwxXAjuNqjwdRzu,0
PbuALuagCSMpltJ,0
KkzVOYfZonCkVSk,0
CXIzTKuTrbzhPHz,1
hISOIIrsUEuVVuv,0
ZraRQbbMktpzFVx,1
WgHqaWZEPtqnHOK,0
urWNOuewbZCNlwN,1
EXErTXZmKhUrSrW,0
hcSGUKfxdtlaCWe,0
PTXcixewmXGtlPR,1
xNfwgEXDLAiYwXo,0
lzNCrHaYylXOaHV,1
sRvKsaUaxThywMF,1
FUKWWPlToEdgSYM,1
JSUwrffiMwgPSrv,1
TuVKiuVBcpAckRy,0
SSwksvLBKFRhAUw,0
HkgoncBbihUQdrg,0
WtxxexkUePxMHoR,1
WLhwPkwNNGXeKsO,0
BZybqEpByeduwBV,0
HOzpiyXIBXXSHLV,0
rxpdrHTSWJsnrAa,0
BgcUFBtryMryLjO,1
vEOClOpgeiqBSah,1
pvOzOGQrdVHZEQh,0
GtlsjGCmJQSNYox,1
dbplhABbfKRZQbf,0
myTmeGnsIGMIYnN,1
hSCOdrjFnovfgqF,1
PltBFksJZrxDGjv,0
wIOSImGPUoqsIVp,0
ivztjgtLtrHtFOV,0
PEPNqTOrbfDATiT,0
OkYHyjAoslhHStM,1
ALZHtKZEBpTOlQD,1
mvzIJrvLPsyyesK,0
wWApLvflGiOdjBf,0
pbAsMCKLEyRvUwM,1
eKlXSVBVkFMRiZz,0
HpkgNgGIbERRQXQ,0
PVdYTEimBjZOcnk,1
jKwTwolPQAoFFeG,0
lvXyDZVxaKJPICv,1
ebyDmwVSzUjqDep,0
nVtzlHCSrWvOlPZ,1
loVdBzwFzVkhOgH,0
IXjiXQQCgTwchWU,0
JiYgeTeMXQhmgFB,1
jmevPuBtiRYSumr,0
UZEarmelQeNZTOM,0
lCqlcxRsVvOroza,1
HOeOUvYglxhjKcr,0
XkZkXMLMdCXqnId,1
qbLiykCKdyZfPLz,1
LkjFhVFVTKNfLwM,0
NmhGrRyTfGjaDhj,0
NPMaWmBnWPerHYY,1
RLgjBKrhgPXFEOO,1
LSkPunxAelHovuA,0
OumdqiJFJgeOCqK,0
XGWoXpUvUFhJMGk,1
yNfdXDLfhKjQCkU,1
gbWSZybArquXTGZ,1
xDydMLgppwfYqxI,0
MwvYQKmEhOFqmzA,1
RZSJAhYXnxyllzq,1
gtqaxbNMNfWqoGH,0
RRANEfyCAZtCXTu,0
vddstsqeAsmwyVD,0
gSXVzJdqgidaqBH,1
FhRxfpWxPPiPfYF,0
xHQYcVSVZjTbhhd,0
YdFoRdHZmHkyMkd,0
ZxOkGiuDpytJocS,0
KxwGmMpwjSTIyfz,1
FziXeZhCpgkHbUN,0
YSvnrwfczGIEDKm,1
QUcVjXSkscuKzYB,1
ivwbgGGgGgmjhLp,1
BcMMLsCDhFTyfSB,0
WVAmpmipSKlgrsb,0
MAEnbuaBRLnYFLf,1
tsvfddBOqGhuixb,0
mpNEfZizdDrEUPA,0
PpkyGLsrgyHWPwf,1
QTtQfNhFxNNPfoi,1
VuJIvyALDxbfeZC,1
GfaAGWGYxiaNwBB,0
QoeeeQKoRkbgccW,0
DvAyhADsEUYnaKZ,1
EEvMyojgAsRroBE,0
YPwVbGREawWsnkb,1
qzJFetHuARUxVOl,0
hMtDRyTmypgZAde,1
sYCIeuzQikxarfd,0
xecXfcVtjAfTzJt,0
TvRocXPVbtFEdWc,1
uluczDDYcsMzQcn,0
KQVExRENTZibVMz,1
MWObmPnjpRROJWD,1
nmBWKumPrTqFpMK,0
sUyKCOFwZEGGpbx,1
ycChKDMudkUskHm,1
UmfyKuqKwZlyRVa,1
XlPNEoBZYVzdGUk,0
OKGFhhhzptHlrEB,1
jtZqTNkzbQelyAf,1
cvGdTvmoLOxNeCv,0
gZOnKxzrlFsmdXz,0
BUTsUETkUAlsnAl,0
ifHgoSTkyxneAmT,1
kckBeNvIEKPVvHS,1
HNEdTBMINaqujAT,0
sgTjzouTHiYQaYk,1
SvkCreuWEHWpJfr,1
skpPHFaWiFPNeat,1
wsXqfdcWeCGvGyi,0
ZzbkiORfVTbyFUA,1
IPSYDXVTNOHwNYo,1
GloYDmxXYMbehey,1
EBuDfUSDbBDuKGY,0
UZNBDPCzaVNWOHO,1
UeRvEJgwBuNOnJE,1
qIAnituHosrguMv,0
DthSzkTMtRJeuME,0
LQSvUgjOSUiwmJt,0
hJsWludgbFnMvAp,1
cUNttMFIsJzAwha,1
efVIsPsNBvPPDhw,1
LujLGvlSQWdUwLE,1
XqYaFqZgJjfxUuO,1
dwlaBboEXNmBaKk,0
iVPWlOdkCjFBJgC,0
bpRLFIdQZLzMCKh,0
FyhcaruXBdYhHIJ,0
FfKBwbatfLehWCO,0
RAMQcgnNKCDPsFf,0
SNvKDAcERgKFpPt,0
hjEcXmgDJbQNWRo,0
WhFJeHxxhJqaaKX,0
QIbJZcvnbEMgYlK,0
MgKpbcYgUtfLzTi,1
tKMQKeJjtvrWsWz,0
bdcboYuhOVPSfsq,1
VNXNDeOKAVShmgg,0
xowmImnASCMEqPZ,0
piwspsaByQyrMAA,0
mrBqIIWpqKENNZi,1
SPFvuvRWNTiKOTs,0
ZeSCpCTXWQiMOGs,1
rJJFmBmlpzhWewu,0
NoJfsTGWXydOwnD,1
xVfadeBbktObbbT,0
LTtcITNbRmEjXao,0
qtKJzVcviOusSvN,0
QyNYdNDNXxulFev,0
xeGnhVGbtEvassx,0
QUFQEwwtirJLRUd,0
geIIDxEgkKiEWnk,0
sNzKYOzccaLyMWU,0
pzNxjTIvIXEWwMM,0
WRDBGGzIrkcUGPt,0
cxPkBVOjmmUEHtQ,1
IMMzkJckHJRurPo,0
SNxLZonnkofyphi,0
jgNTkDuUhsAEIJw,0
ckPcSWepAJyoedn,0
iLahoEILNJhirUW,0
SxEHefpAUVHxtdv,0
moLzjohUaeRNffl,1
NUmvAXiPhpwWUEC,1
ZUycrEQKLafcjNJ,1
EHfGcfnWYlXhWtN,0
aaKLqCvyAuqcgbW,1
MLPHNNAiZOvpDXy,0
swFLVWuTcPikJQS,0
bipgEznUxkExUQx,0
wUMAlHkrXbpGEaz,1
lXABlpDvHjwDOOf,1
nXxgtAfPtcVKRmA,0
MpGtYxGGtkJHNGA,0
XNVEMzFDIipRQiP,0
RJDIFaXMssrkocI,0
AIFxLUUrSgLkKtL,1
rpWTYEZwpfNuEZi,1
cLTVnpYuRhkDsVj,0
IIZVRTDWcKhAyka,1
mISHhjJsuNLojBW,0
BpLqQbyCwXptBuZ,0
zCtGBniPPMjJllg,0
HLmyXQdJyKxvoWB,0
gAeXSAwbkDAjmXb,0
JKuSKBmBaRVApxj,0
uCFwdOSOSLBwjXI,0
RktbcGBaGCRgdon,0
MzugkhJjEjaMctn,1
NpWnDKenhXSJnvg,0
aQJudUaqdgJimEZ,0
dZtIgjaEZZkrirR,0
AONZZWobxHkRmOw,1
xCBugBDySwEteRc,0
tQsKKNourWiUOFk,1
pwRTzMGKAsJLVGs,0
GucKRqcgtbYknuo,0
hbVMTkgGSeFIFfU,1
eKkIllMSjNHCSgs,0
hLbSyotggHXxGcq,0
NvbEORzcopOsvkp,1
MxwxEDtUxcAbcGu,1
fNijSruiAugVDyj,1
UFUPsFLpWgcrIsc,0
miPEJUCtXJwIlYc,1
JVvlrdRjiPBCVzv,0
biWhdutQmXeRdWo,1
aJtYtSXcLzTJGeN,0
xGqzIPMgtiGijev,1
gRyKcdvVMqSghkz,0
fDGSMNkuDYbjOoh,0
BZAJbbVtJengcKz,0
ilidgGeHWwSSnKB,0
zdiUYENLnsILqmE,1
TvbaYEBZHCsLxNr,0
RfRVQzaxchNarOS,1
zrObhrQcaqzHLTz,1
imJYDrstQjzBFJv,0
KQzUHpTBDWCoIRd,0
ybelydlCFgWujhx,0
zbyRlfiNSrJqJLM,0
BwohAYVFUMLGfKM,1
YMMOLatmJqOAeAX,0
JsFBeOSQhiIFsAT,0
NYbBWPUguyBxpix,1
JpYqkEaBgTPkoRb,1
hKblwTGGxammnyt,0
NJYjsNMCwxVPCox,1
wYyBZFyUoYmCnLT,1
MVoKaCVaAjXmeLO,1
LDxOCJMPpNbBqDx,1
PTwLSrXDLgCETHz,0
HPJSfdUVrYyCYyI,1
dacNcjMkEPfLibV,1
IsQBXLaPFeEsUDR,1
YZSUDazhqnLymfg,1
wOMyzLzSGtRWKpm,1
QPiNSUakgMfZPPK,1
rJEmUlSrCBhTljg,0
ZCVjXdJAMwHTYQL,0
gbeoqhtNcnfmSIJ,0
pJgLcPjphCWMsfo,0
JZQYUUESNaTDHzr,1
TJmeXIkdyWFtoRi,1
icTKdDEJJpBpnNg,1
ttipujJfgFvNfZo,1
xhlUQQrXaZqcAAa,1
UBrFAdjuGhvUZsu,0
nUJnQUsovUhtmHZ,0
xHzYMttgaKKwkFb,0
NsgjHMULaFkFCpk,1
KgwDybwsWhuhAfQ,0
zsHSebbhTbzIXIH,1
fpYCokpdInxRuXG,0
tWMRimbFpBumKtM,0
dCuwMpwbOinewBk,1
kryUVJEsvvrncju,0
PnRpYBjcsaCfBTL,1
cmpjnvAHAfxLfuP,1
xBJdbPZslSETKGo,0
mreZiDuxsZZCvpk,1
yiJOCNSxcPNHonG,1
dUKWMrCxSUnDFcS,1
bQVppFVEWWvHWLl,1
sLWzEEiYQhzhVXG,0
fShupRgDlGgMBjF,0
NRNlrmGJThtClhd,1
PwmPwZyrGvRYyoz,0
KtwQUEzLuVQNDGw,1
VbdjPGVcHMLOGHh,0
XYLeMSNGvodRmwS,0
wjQSuOSmmTvRTzo,0
dsGATQMiBkRYAsD,0
DvcSCVNoyNpqBwO,0
oLtaKAwevrXwgtK,1
TVFuYtKulZNaaTX,1
WkDNHmrFwopmUXC,0
WUKeMaWTzbCKoTG,1
jWbZCZmiDqNuaUr,0
FsAcyEYIwUWSamQ,0
VPOChGVkMGrHPtw,0
hKdcveHKphRvyUQ,1
SkxJVDlcAFTNNsI,1
iHWMfywUQQNmvnU,0
XXiFksXjbMryTIi,1
XCxTmUYUifPDOQB,0
bIQcIBRhqZTmGtV,1
rCOiZsirdapxvQO,1
ozwTYXrQAJyVKLD,0
ZFrEiBAcfDcpjGE,0
uFUmkFVcKegMNNW,0
uOthNZOhvBHSrDh,0
LkDymdHWNNBKTFj,1
bIETVvVamNsWXZA,1
sRVFKSkwVpiEaHV,0
iSjNUwrjOZgGKFn,0
dtTOSEWuKbcnoXp,0
VARcXGeaOcsHeoY,0
NLRqFXhGxVhukXN,0
MoGwnuEtnUnqGBQ,0
EsHkRqDJadOXavi,0
WYTdQKSHJlnlZQx,0
EJcdzNGronzoUaJ,0
XOrxTUatEzqBZTM,1
BwCtuMffFHgwZeH,0
eteTfhugTxiOHjA,0
kFYAXhwZdfjhZgY,1
UUDMXCBWwBiVkxB,0
TdUMMzAYuVqWORR,1
sBqsFMgVSdaWryH,1
fVAfdkarWbJhlGV,0
NZzqLyovVfFoIgs,0
JaIUiLNsQlkLFcP,1
EZOWsDhUezKnqCH,0
HRiSVVTkRpLDvwq,0
hULYfCnmIrhlXKc,0
ssjMShAlbbFokwT,0
NVLEtypbYjXJrlz,1
zhDevUZzcTavkPy,0
wsPQeAvoFOsOJWC,0
UCJxjQYCBPUhIHk,0
NGYmeXuKVPTZCBh,0
WeqqFTwmOYttXSj,0
XfGDusEsVqBqmEe,0
sqCvxofRqWQutva,0
BsAyFtzFqHlvUzF,0
BEKgoYVvwXBQqBX,0
RgWHBPOsRvFRmkx,1
EVZAohxVjXoMpKm,0
HCrObNuhFqtUium,0
kJnxDBoHiWlREHN,1
FhjdHFtZqkitdKS,0
QbKxDKiHtsYBtZq,0
AMxpfodfXNcXZwD,0
SUaDfnKtpdCllui,0
eYXrsntbzJQtSPt,0
SsTSnPMaFPoakMe,0
aQVuVbhVgdYJmos,0
JhYwsiKrTqOcwyY,1
qenRrSlRzFIiEjD,0
kxXHpwjSSNPfxYK,1
dqPMsjmplMTHndE,0
NJCiUCyEJtUVRPF,1
lLdWYURRdDTtZsY,0
ftTkmfUdxjlVoas,0
oxNlmihMMqExxTs,0
wWcGGjaKDkiizHA,1
MEgtMyotgzKquav,0
ApbFsjHOxVRjhGu,1
coWuYUGrWczxSnp,1
sXtaOUNKymcgJiy,0
DIxnBvzmRtpMpVr,0
zqpEaruolPujPAu,1
diULHhOIhnHGGxi,0
xdkXVwGFwXJuknk,0
rcWZsndMttxNvmp,1
uoiQrOCYShEiNOF,0
KCZjzUTbBrqfVMa,0
jutDVkZsGTMuoBv,0
AdsaXeXMBMeyHJJ,1
LfgeTPYJeKnzpJx,1
fXYMIrQnLmLoxOx,0
EdveFfzJgSogwJH,1
hdHcSVfYVUgLijK,1
TlGqZDtPoAcNeOX,0
bcuhgAEyKwrMKKZ,1
LePFwmflebBhvLu,1
BYNzdMAtDGXxoWz,0
bjHblstABIxetBm,0
XQjYiFYwRodTCWV,0
mhlpudMujWsiGJp,0
ByUVzEpJIkFRbQj,0
ygAKhKSgjVZclEN,0
LAxDJMugwPcXDxs,1
KbscbyJNJWjFgYf,1
rwOMuyMMSYTLAUX,1
JTbnejIXamzXOVT,1
AxeNkdsfugjWlTd,0
nBokUmtEMcEdmNz,1
jAemrcRKkXriZAn,0
AwWIdqkVQcUvGqo,0
KQgqBPgYcguvhNs,1
yqNnWETmmszdexa,0
pvhXogvJSvvAEus,0
qZftGcSzfIntuWS,0
vJTSmzWwYErktEi,0
EbXmIZAbAQBLJJp,1
zpzJYFlMMwGBpLu,0
ttmgpAIkunAYDpr,1
gbamjnsLuwVSXiB,0
TyPWHKqFsMGyEmw,0
btsDWigUcfnFlbP,0
BIxUAWOlfmHnFlI,1
tALPXkwcBCCteRo,1
jDFvLzCYFEnWqnU,0
jrvvYxTfvXNccrk,1
HcKOtRbpNLvlhZo,0
EjvKaTmuPkCIeVn,0
BdJrPjnRoqpAfUk,0
QrqpQvUyGyxmtIA,0
KmwquPwkBkiGtQH,0
rxiXrMjZkhTuxez,0
dbYoRKVCZiIHckx,0
HxzeLECRgkOhZHZ,1
QutTYucfNasZhkT,1
EEjEouPjLIHCQtd,0
HOnIgAOIzVXYrsC,1
XYuiXcKRKTGykyD,1
BNKYBqpLVHbPWzy,1
HwxcILiVGraEWup,1
rrwmKwySgAmgRVv,0
CqNBkkUCswPEcKy,0
ziWOrAQjMjztGdk,1
WokMQHZocHqYypn,0
KrHzuHGSDOUOWYG,0
tNhHDuVndpxGDdg,0
KYdePOomDlaqnFx,0
ILvvIaTgOqjfzrQ,0
jOsYoCYLRmnFmNm,1
MVNKeriHQZWiAEq,0
MOoCPxhjwmKCDmq,0
VIRoskpmFVppXrw,1
FebPdMmkFWQmHsK,1
aDFUCdZAFDChffp,1
vgOsODJkfUCkTQE,0
yBYJmhcxIZaeanh,1
CkgfQkcFBMpNAJO,0
AdlrFcFBHtbLqpx,1
HPrMrDcWkxrwCsx,0
vlqngsXyzvDUgQe,1
ViqlKxISWmsJXDt,0
GLUfBrocUyyBhGn,0
rSGbZXmNHalAzfE,0
GpCdhdlefZzExte,0
hOHiEmIpPPlGDDb,0
IZBHNGiiEfifObj,0
RedSLbEASKWVriV,0
kFLHDISHlWaTgbE,1
pperUyEzQlsTsMq,1
FzKIDRGAweQLSxq,0
fAIswhTQbEZTpYu,0
iNtklFlAXqozhxq,0
YYnCxIvTwUQTNaB,1
iAwgVdzkPrUdlLY,0
oYMyiqUOKZJmXiy,1
aLAMoswGuEOWVDV,1
wzbnUgAyoEMkufT,0
VNVpctExVmmWiBj,0
GBmfeJZOScAOejH,0
tPzGSXeGEorqcxK,1
IeHItixUpWFOiPr,1
ZWbhHbylnVLvKjw,0
hGJeJpkIXGjSfpz,0
jiHKFFntrWCRIoH,0
hTAIWgotkJbEsWL,0
YbKeSHlEyFGHSUg,0
fiEIHkaWAkxaekd,0
xatSrRavNdwkAfU,1
aWzyTmywloAeOnV,0
BMRAFPBlcuQXSoF,0
aZHSyPEpzOUgAdR,1
GicUQhhPwuvIsGu,0
nLGbiEaJapYScLQ,1
cJoKuyPtFQwKdvU,0
pKzdaawayIYcBkp,1
qDEEIfuInSWaTmW,1
jukCiitrupgRxYP,0
jkwDAvtXsuBVkCR,1
YRmBiWTFkthfoQw,0
XXsoyQiIjicErDU,0
texRwxyYiNvifLt,0
BbrZkJqTtciRdhR,0
ryDpEpMsIVRTAyk,1
MxsBXFCeUOViwol,0
qfTkllwuuPHUYGA,0
PbvMohwnxlPmGNg,0
QbIbtYVPoDxTyzQ,0
MLThZYVJWBvqvgN,1
zTswCEAlMDnqWAP,1
dRAhOadmwkvGNQP,1
hOmMKhzfxhcMbml,1
TqwrXkloDuPbxEN,1
GvxwYfGXLrbidYe,1
EBWLWRKJgArNlzd,1
WaUNivTToXvTViF,0
WiMowEMJCwCxiQs,1
awlLEvaarnHKJWl,1
NALeADbialIhQGP,1
YhnFsRUkuEEWMVX,0
yDwDbQelOWckciR,0
jnvKdfGHqZiqvBh,1
ijczUKTFNopUdwq,0
yibBwPvGAFkSKXa,0
bVyuNqAqUUabsPk,0
YLkNASNuLkWUhrs,0
ctCGxymBuoTLuQX,0
ZGLNRsByZFmbhGU,0
NkrIHaNXrzbNjdh,0
PDgNsokptEhIVUk,0
OhpLMvbUOEcUneG,0
CHuGaDNkFRAxIKu,0
CKbanCtaoIiCzwP,0
FSWqScMiAifNUSt,1
gZcyszGlgKUPFdF,0
OyWMaQmNVFAWzkj,1
GnTCQNrXAXdWpLr,1
XzHIhqDdXuEdFiS,1
JocjimRybLDfBhT,1
wKvwGkzeQGEWXuE,1
RafIVeAPPfChvFK,0
lWTXFXwslmKKElA,1
YDbmkfXJwtWlmhF,0
YWGpTpLXaucsfru,0
gElnDrRDsrnpURZ,0
IwRBEiQTMZfMyiU,0
KYAInOaQiHPFtyI,1
XObnvXuQoJDvvkj,1
JhWbJQSrLYZTJEe,1
DXqlJnQcQSkHBIx,0
seKgfFUkxtmjiYt,0
jlwLHwAxaTPkYDm,1
wjOwXEOHWdmqlUL,1
BkZdsCicYzqYXst,0
qkvOGvISjyVVJtp,1
lMBAVbhlNnggpjQ,0
bONvdwvgtUCrovX,0
acsrEGqQdjYAkaW,0
ObFVgwgRidncleJ,1
CkFQPPihvxBmfrm,1
xoNLcYgwQDmtsVg,1
yyLEAujanZnzziV,1
xhUyPigJJcaeTeP,0
qhHxdZhYJaqyojq,0
GxlXoLWARyumGAM,1
CTGSsecfwyPAyYP,1
PtQRRQhsiRSXyQf,0
LMidzePDjleJvlq,0
CzxCxUjaOEeMkSS,0
eCEBltptRALRFZl,0
JSRmWidUMofIWNs,0
oFxSMUXMMAgalTP,1
YxrQwjAnmkLDMBQ,1
lzIISnFeZEbTaso,0
YtIpPGvXRAKvXex,1
RaLxLspUPSbLxnW,0
OtentfnkpKSXBOu,1
nYoEXKfZHoGDkDM,1
HRtpeEFaUskbFIg,1
InZMJLsCfMZyuKp,1
cALBOGPnXPbjICp,1
kxGTELcJMlRTAOm,1
bdddfjfmSiUwHEG,0
YXahyuwhPqdiLON,0
wqGVaHZeQAQhKTA,1
nNqwpZzwIyuvQBz,1
TRzGOgqNKdZGrvR,0
nlrSdPdClVABnjt,0
BESdkTHwmpjoZtY,1
kFStNfVgXTtnbdw,1
fDFTapHdRgygAiE,1
fTHqTgdyVfzDFQj,1
GJwIjPPVJCYATJJ,1
FgIRkyCuVTefeTK,0
IGhoDBAGMsrHrPo,1
KByvjjSDZxOTTIw,0
jfOyOIvHSZfbxCX,0
vqQPzVAswHQzWCt,0
JoVxnGDIxtPRift,1
nyHBHtpdFiwRgAg,1
VEkUDuEonKlhXGa,1
bLMSEBrgWCUWkLB,0
RYJJGpdoCaiWckC,1
jfijJlAybxswXKW,1
BChiDqdRGdQuJZT,0
WeJYNXztKIloQbE,1
UPOnrKXdMbsxfXy,0
NUjcxURbqEuMXkT,1
FbrNnjpDFeOwgZi,0
ZjWbGgbUpQjARbB,0
YnkuIFGLUFvWmbd,1
ttJbMcrkmSNBCrM,0
rfPRAuTsPuKJWhR,1
huLLJONgNkwqDqC,1
kjaFlpYaSVumFZI,1
BCqGYrTDlPhawEE,0
QZpIxbqZjcSTAeL,0
vMuJqsGLtoOIkiY,0
RqICkdDujSQkXzf,0
wAcNDyDdgEXjbcM,1
BXTrqIHJuvmTYBY,1
REZSbojeTRUVepD,0
hUBoGEykIFrVfcC,0
dRxEsogCIkRMIjk,1
GEIUfJZzdvcukul,0
kEJJAuRUJKdALEj,0
ydqZLCEuxSEEJgt,1
SMkjQUWzboGUfKw,0
IknMYDPeTYbkwOH,0
XQQWoPTmTdlmKyV,0
ycyTKspiJgwZJnS,1
vgGxFyyqrymKaFi,1
usjeyWaHWFoXdcQ,1
FnCIyStohHUDYAN,1
KcCqwLgOPyruzvy,1
iYWycJYaGpILxbX,1
DsnJVWnNSHiTyfF,0
wCakwUSvwuEDJoa,0
LPiGZmrHAXQFBTm,1
nLNoTfXlreZKhse,0
AvcCANlwDZDpwLN,1
alSKDIePXaQcZfi,1
BNDwUIIIsJBKpeE,1
OYKCVkSMrfudklB,1
athmIBtWCkWLxpE,0
SPcyBHEFPGdapsl,0
hxmwFFMVKiHdtdq,0
HQYnjzNQXBTaoAb,1
dhfBwDulvXGLjJa,0
dVbepSclDJHHzaf,1
uQnhTsxNdgSCOJO,1
CwgsVvoltZhQrds,0
QyYqzwDxxEZwYHi,0
HPmIRNZNYnJGtHp,1
tXgGJzdKiOuKOZZ,0
bJNJEzeYfmPTZrm,0
dYyArLoquZIFCTh,1
ktbwKIdUOjwbFOd,1
